--
-- PostgreSQL database dump
--

-- Dumped from database version 17.0
-- Dumped by pg_dump version 17.0

SET statement_timeout = 0;
SET lock_timeout = 0;
SET idle_in_transaction_session_timeout = 0;
SET transaction_timeout = 0;
SET client_encoding = 'UTF8';
SET standard_conforming_strings = on;
SELECT pg_catalog.set_config('search_path', '', false);
SET check_function_bodies = false;
SET xmloption = content;
SET client_min_messages = warning;
SET row_security = off;

SET default_tablespace = '';

SET default_table_access_method = heap;

--
-- Name: auth_group; Type: TABLE; Schema: public; Owner: postgres
--

CREATE TABLE public.auth_group (
    id integer NOT NULL,
    name character varying(150) NOT NULL
);


ALTER TABLE public.auth_group OWNER TO postgres;

--
-- Name: auth_group_id_seq; Type: SEQUENCE; Schema: public; Owner: postgres
--

ALTER TABLE public.auth_group ALTER COLUMN id ADD GENERATED BY DEFAULT AS IDENTITY (
    SEQUENCE NAME public.auth_group_id_seq
    START WITH 1
    INCREMENT BY 1
    NO MINVALUE
    NO MAXVALUE
    CACHE 1
);


--
-- Name: auth_group_permissions; Type: TABLE; Schema: public; Owner: postgres
--

CREATE TABLE public.auth_group_permissions (
    id bigint NOT NULL,
    group_id integer NOT NULL,
    permission_id integer NOT NULL
);


ALTER TABLE public.auth_group_permissions OWNER TO postgres;

--
-- Name: auth_group_permissions_id_seq; Type: SEQUENCE; Schema: public; Owner: postgres
--

ALTER TABLE public.auth_group_permissions ALTER COLUMN id ADD GENERATED BY DEFAULT AS IDENTITY (
    SEQUENCE NAME public.auth_group_permissions_id_seq
    START WITH 1
    INCREMENT BY 1
    NO MINVALUE
    NO MAXVALUE
    CACHE 1
);


--
-- Name: auth_permission; Type: TABLE; Schema: public; Owner: postgres
--

CREATE TABLE public.auth_permission (
    id integer NOT NULL,
    name character varying(255) NOT NULL,
    content_type_id integer NOT NULL,
    codename character varying(100) NOT NULL
);


ALTER TABLE public.auth_permission OWNER TO postgres;

--
-- Name: auth_permission_id_seq; Type: SEQUENCE; Schema: public; Owner: postgres
--

ALTER TABLE public.auth_permission ALTER COLUMN id ADD GENERATED BY DEFAULT AS IDENTITY (
    SEQUENCE NAME public.auth_permission_id_seq
    START WITH 1
    INCREMENT BY 1
    NO MINVALUE
    NO MAXVALUE
    CACHE 1
);


--
-- Name: config_category; Type: TABLE; Schema: public; Owner: postgres
--

CREATE TABLE public.config_category (
    id bigint NOT NULL,
    created_at timestamp with time zone NOT NULL,
    updated_at timestamp with time zone NOT NULL,
    name character varying(100) NOT NULL,
    description text NOT NULL,
    is_active boolean NOT NULL,
    created_by_id bigint,
    updated_by_id bigint
);


ALTER TABLE public.config_category OWNER TO postgres;

--
-- Name: config_category_id_seq; Type: SEQUENCE; Schema: public; Owner: postgres
--

ALTER TABLE public.config_category ALTER COLUMN id ADD GENERATED BY DEFAULT AS IDENTITY (
    SEQUENCE NAME public.config_category_id_seq
    START WITH 1
    INCREMENT BY 1
    NO MINVALUE
    NO MAXVALUE
    CACHE 1
);


--
-- Name: config_option; Type: TABLE; Schema: public; Owner: postgres
--

CREATE TABLE public.config_option (
    id bigint NOT NULL,
    created_at timestamp with time zone NOT NULL,
    updated_at timestamp with time zone NOT NULL,
    name character varying(100) NOT NULL,
    value character varying(255),
    description text NOT NULL,
    is_active boolean NOT NULL,
    "order" integer NOT NULL,
    category_id bigint NOT NULL,
    created_by_id bigint,
    updated_by_id bigint,
    parent_id bigint,
    CONSTRAINT config_option_order_check CHECK (("order" >= 0))
);


ALTER TABLE public.config_option OWNER TO postgres;

--
-- Name: config_option_id_seq; Type: SEQUENCE; Schema: public; Owner: postgres
--

ALTER TABLE public.config_option ALTER COLUMN id ADD GENERATED BY DEFAULT AS IDENTITY (
    SEQUENCE NAME public.config_option_id_seq
    START WITH 1
    INCREMENT BY 1
    NO MINVALUE
    NO MAXVALUE
    CACHE 1
);


--
-- Name: django_admin_log; Type: TABLE; Schema: public; Owner: postgres
--

CREATE TABLE public.django_admin_log (
    id integer NOT NULL,
    action_time timestamp with time zone NOT NULL,
    object_id text,
    object_repr character varying(200) NOT NULL,
    action_flag smallint NOT NULL,
    change_message text NOT NULL,
    content_type_id integer,
    user_id bigint NOT NULL,
    CONSTRAINT django_admin_log_action_flag_check CHECK ((action_flag >= 0))
);


ALTER TABLE public.django_admin_log OWNER TO postgres;

--
-- Name: django_admin_log_id_seq; Type: SEQUENCE; Schema: public; Owner: postgres
--

ALTER TABLE public.django_admin_log ALTER COLUMN id ADD GENERATED BY DEFAULT AS IDENTITY (
    SEQUENCE NAME public.django_admin_log_id_seq
    START WITH 1
    INCREMENT BY 1
    NO MINVALUE
    NO MAXVALUE
    CACHE 1
);


--
-- Name: django_content_type; Type: TABLE; Schema: public; Owner: postgres
--

CREATE TABLE public.django_content_type (
    id integer NOT NULL,
    app_label character varying(100) NOT NULL,
    model character varying(100) NOT NULL
);


ALTER TABLE public.django_content_type OWNER TO postgres;

--
-- Name: django_content_type_id_seq; Type: SEQUENCE; Schema: public; Owner: postgres
--

ALTER TABLE public.django_content_type ALTER COLUMN id ADD GENERATED BY DEFAULT AS IDENTITY (
    SEQUENCE NAME public.django_content_type_id_seq
    START WITH 1
    INCREMENT BY 1
    NO MINVALUE
    NO MAXVALUE
    CACHE 1
);


--
-- Name: django_migrations; Type: TABLE; Schema: public; Owner: postgres
--

CREATE TABLE public.django_migrations (
    id bigint NOT NULL,
    app character varying(255) NOT NULL,
    name character varying(255) NOT NULL,
    applied timestamp with time zone NOT NULL
);


ALTER TABLE public.django_migrations OWNER TO postgres;

--
-- Name: django_migrations_id_seq; Type: SEQUENCE; Schema: public; Owner: postgres
--

ALTER TABLE public.django_migrations ALTER COLUMN id ADD GENERATED BY DEFAULT AS IDENTITY (
    SEQUENCE NAME public.django_migrations_id_seq
    START WITH 1
    INCREMENT BY 1
    NO MINVALUE
    NO MAXVALUE
    CACHE 1
);


--
-- Name: django_session; Type: TABLE; Schema: public; Owner: postgres
--

CREATE TABLE public.django_session (
    session_key character varying(40) NOT NULL,
    session_data text NOT NULL,
    expire_date timestamp with time zone NOT NULL
);


ALTER TABLE public.django_session OWNER TO postgres;

--
-- Name: django_site; Type: TABLE; Schema: public; Owner: postgres
--

CREATE TABLE public.django_site (
    id integer NOT NULL,
    domain character varying(100) NOT NULL,
    name character varying(50) NOT NULL
);


ALTER TABLE public.django_site OWNER TO postgres;

--
-- Name: django_site_id_seq; Type: SEQUENCE; Schema: public; Owner: postgres
--

ALTER TABLE public.django_site ALTER COLUMN id ADD GENERATED BY DEFAULT AS IDENTITY (
    SEQUENCE NAME public.django_site_id_seq
    START WITH 1
    INCREMENT BY 1
    NO MINVALUE
    NO MAXVALUE
    CACHE 1
);


--
-- Name: microsoft_auth_microsoftaccount; Type: TABLE; Schema: public; Owner: postgres
--

CREATE TABLE public.microsoft_auth_microsoftaccount (
    id bigint NOT NULL,
    microsoft_id character varying(64) NOT NULL,
    user_id bigint
);


ALTER TABLE public.microsoft_auth_microsoftaccount OWNER TO postgres;

--
-- Name: microsoft_auth_microsoftaccount_id_seq; Type: SEQUENCE; Schema: public; Owner: postgres
--

ALTER TABLE public.microsoft_auth_microsoftaccount ALTER COLUMN id ADD GENERATED BY DEFAULT AS IDENTITY (
    SEQUENCE NAME public.microsoft_auth_microsoftaccount_id_seq
    START WITH 1
    INCREMENT BY 1
    NO MINVALUE
    NO MAXVALUE
    CACHE 1
);


--
-- Name: microsoft_auth_xboxliveaccount; Type: TABLE; Schema: public; Owner: postgres
--

CREATE TABLE public.microsoft_auth_xboxliveaccount (
    id bigint NOT NULL,
    xbox_id character varying(32) NOT NULL,
    gamertag character varying(16) NOT NULL,
    user_id bigint
);


ALTER TABLE public.microsoft_auth_xboxliveaccount OWNER TO postgres;

--
-- Name: microsoft_auth_xboxliveaccount_id_seq; Type: SEQUENCE; Schema: public; Owner: postgres
--

ALTER TABLE public.microsoft_auth_xboxliveaccount ALTER COLUMN id ADD GENERATED BY DEFAULT AS IDENTITY (
    SEQUENCE NAME public.microsoft_auth_xboxliveaccount_id_seq
    START WITH 1
    INCREMENT BY 1
    NO MINVALUE
    NO MAXVALUE
    CACHE 1
);


--
-- Name: people_customuser; Type: TABLE; Schema: public; Owner: postgres
--

CREATE TABLE public.people_customuser (
    id bigint NOT NULL,
    password character varying(128) NOT NULL,
    last_login timestamp with time zone,
    is_superuser boolean NOT NULL,
    username character varying(150) NOT NULL,
    first_name character varying(150) NOT NULL,
    last_name character varying(150) NOT NULL,
    email character varying(254) NOT NULL,
    is_staff boolean NOT NULL,
    is_active boolean NOT NULL,
    date_joined timestamp with time zone NOT NULL,
    user_type character varying(20) NOT NULL
);


ALTER TABLE public.people_customuser OWNER TO postgres;

--
-- Name: people_customuser_groups; Type: TABLE; Schema: public; Owner: postgres
--

CREATE TABLE public.people_customuser_groups (
    id bigint NOT NULL,
    customuser_id bigint NOT NULL,
    group_id integer NOT NULL
);


ALTER TABLE public.people_customuser_groups OWNER TO postgres;

--
-- Name: people_customuser_groups_id_seq; Type: SEQUENCE; Schema: public; Owner: postgres
--

ALTER TABLE public.people_customuser_groups ALTER COLUMN id ADD GENERATED BY DEFAULT AS IDENTITY (
    SEQUENCE NAME public.people_customuser_groups_id_seq
    START WITH 1
    INCREMENT BY 1
    NO MINVALUE
    NO MAXVALUE
    CACHE 1
);


--
-- Name: people_customuser_id_seq; Type: SEQUENCE; Schema: public; Owner: postgres
--

ALTER TABLE public.people_customuser ALTER COLUMN id ADD GENERATED BY DEFAULT AS IDENTITY (
    SEQUENCE NAME public.people_customuser_id_seq
    START WITH 1
    INCREMENT BY 1
    NO MINVALUE
    NO MAXVALUE
    CACHE 1
);


--
-- Name: people_customuser_user_permissions; Type: TABLE; Schema: public; Owner: postgres
--

CREATE TABLE public.people_customuser_user_permissions (
    id bigint NOT NULL,
    customuser_id bigint NOT NULL,
    permission_id integer NOT NULL
);


ALTER TABLE public.people_customuser_user_permissions OWNER TO postgres;

--
-- Name: people_customuser_user_permissions_id_seq; Type: SEQUENCE; Schema: public; Owner: postgres
--

ALTER TABLE public.people_customuser_user_permissions ALTER COLUMN id ADD GENERATED BY DEFAULT AS IDENTITY (
    SEQUENCE NAME public.people_customuser_user_permissions_id_seq
    START WITH 1
    INCREMENT BY 1
    NO MINVALUE
    NO MAXVALUE
    CACHE 1
);


--
-- Name: people_organization; Type: TABLE; Schema: public; Owner: postgres
--

CREATE TABLE public.people_organization (
    id bigint NOT NULL,
    name character varying(50) NOT NULL,
    slug character varying(50) NOT NULL,
    phone character varying(50),
    address character varying(100),
    logo character varying(100),
    description text,
    publish boolean NOT NULL
);


ALTER TABLE public.people_organization OWNER TO postgres;

--
-- Name: people_organization_id_seq; Type: SEQUENCE; Schema: public; Owner: postgres
--

ALTER TABLE public.people_organization ALTER COLUMN id ADD GENERATED BY DEFAULT AS IDENTITY (
    SEQUENCE NAME public.people_organization_id_seq
    START WITH 1
    INCREMENT BY 1
    NO MINVALUE
    NO MAXVALUE
    CACHE 1
);


--
-- Name: people_person; Type: TABLE; Schema: public; Owner: postgres
--

CREATE TABLE public.people_person (
    id bigint NOT NULL,
    first_name character varying(100) NOT NULL,
    last_name character varying(100) NOT NULL,
    date_of_birth date,
    image character varying(100),
    email character varying(254) NOT NULL,
    phone_number character varying(20) NOT NULL,
    address text NOT NULL,
    user_id bigint
);


ALTER TABLE public.people_person OWNER TO postgres;

--
-- Name: people_person_id_seq; Type: SEQUENCE; Schema: public; Owner: postgres
--

ALTER TABLE public.people_person ALTER COLUMN id ADD GENERATED BY DEFAULT AS IDENTITY (
    SEQUENCE NAME public.people_person_id_seq
    START WITH 1
    INCREMENT BY 1
    NO MINVALUE
    NO MAXVALUE
    CACHE 1
);


--
-- Name: people_relationship; Type: TABLE; Schema: public; Owner: postgres
--

CREATE TABLE public.people_relationship (
    id bigint NOT NULL,
    relationship_type character varying(20) NOT NULL,
    kontak_darurat boolean NOT NULL,
    person_id bigint NOT NULL,
    related_person_id bigint NOT NULL
);


ALTER TABLE public.people_relationship OWNER TO postgres;

--
-- Name: people_relationship_id_seq; Type: SEQUENCE; Schema: public; Owner: postgres
--

ALTER TABLE public.people_relationship ALTER COLUMN id ADD GENERATED BY DEFAULT AS IDENTITY (
    SEQUENCE NAME public.people_relationship_id_seq
    START WITH 1
    INCREMENT BY 1
    NO MINVALUE
    NO MAXVALUE
    CACHE 1
);


--
-- Name: people_speaker; Type: TABLE; Schema: public; Owner: postgres
--

CREATE TABLE public.people_speaker (
    id bigint NOT NULL,
    bio text NOT NULL,
    areas_of_expertise character varying(255) NOT NULL,
    speaking_fee numeric(10,2),
    person_id bigint NOT NULL
);


ALTER TABLE public.people_speaker OWNER TO postgres;

--
-- Name: people_speaker_id_seq; Type: SEQUENCE; Schema: public; Owner: postgres
--

ALTER TABLE public.people_speaker ALTER COLUMN id ADD GENERATED BY DEFAULT AS IDENTITY (
    SEQUENCE NAME public.people_speaker_id_seq
    START WITH 1
    INCREMENT BY 1
    NO MINVALUE
    NO MAXVALUE
    CACHE 1
);


--
-- Name: people_staff; Type: TABLE; Schema: public; Owner: postgres
--

CREATE TABLE public.people_staff (
    id bigint NOT NULL,
    employee_id character varying(20) NOT NULL,
    department character varying(100) NOT NULL,
    "position" character varying(100) NOT NULL,
    hire_date date NOT NULL,
    person_id bigint NOT NULL
);


ALTER TABLE public.people_staff OWNER TO postgres;

--
-- Name: people_staff_id_seq; Type: SEQUENCE; Schema: public; Owner: postgres
--

ALTER TABLE public.people_staff ALTER COLUMN id ADD GENERATED BY DEFAULT AS IDENTITY (
    SEQUENCE NAME public.people_staff_id_seq
    START WITH 1
    INCREMENT BY 1
    NO MINVALUE
    NO MAXVALUE
    CACHE 1
);


--
-- Name: people_writer; Type: TABLE; Schema: public; Owner: postgres
--

CREATE TABLE public.people_writer (
    id bigint NOT NULL,
    genre character varying(100) NOT NULL,
    publications text NOT NULL,
    person_id bigint NOT NULL
);


ALTER TABLE public.people_writer OWNER TO postgres;

--
-- Name: people_writer_id_seq; Type: SEQUENCE; Schema: public; Owner: postgres
--

ALTER TABLE public.people_writer ALTER COLUMN id ADD GENERATED BY DEFAULT AS IDENTITY (
    SEQUENCE NAME public.people_writer_id_seq
    START WITH 1
    INCREMENT BY 1
    NO MINVALUE
    NO MAXVALUE
    CACHE 1
);


--
-- Name: tools_analyticsvisitordata; Type: TABLE; Schema: public; Owner: postgres
--

CREATE TABLE public.tools_analyticsvisitordata (
    id bigint NOT NULL,
    "timestamp" timestamp with time zone NOT NULL,
    source character varying(255) NOT NULL,
    device character varying(100) NOT NULL,
    browser character varying(100) NOT NULL,
    os character varying(100) NOT NULL,
    country character varying(100) NOT NULL,
    ip_address inet NOT NULL
);


ALTER TABLE public.tools_analyticsvisitordata OWNER TO postgres;

--
-- Name: tools_analyticsvisitordata_id_seq; Type: SEQUENCE; Schema: public; Owner: postgres
--

ALTER TABLE public.tools_analyticsvisitordata ALTER COLUMN id ADD GENERATED BY DEFAULT AS IDENTITY (
    SEQUENCE NAME public.tools_analyticsvisitordata_id_seq
    START WITH 1
    INCREMENT BY 1
    NO MINVALUE
    NO MAXVALUE
    CACHE 1
);


--
-- Name: tools_databasebackup; Type: TABLE; Schema: public; Owner: postgres
--

CREATE TABLE public.tools_databasebackup (
    id bigint NOT NULL,
    "timestamp" timestamp with time zone NOT NULL,
    file_name character varying(255) NOT NULL,
    file_size bigint NOT NULL
);


ALTER TABLE public.tools_databasebackup OWNER TO postgres;

--
-- Name: tools_databasebackup_id_seq; Type: SEQUENCE; Schema: public; Owner: postgres
--

ALTER TABLE public.tools_databasebackup ALTER COLUMN id ADD GENERATED BY DEFAULT AS IDENTITY (
    SEQUENCE NAME public.tools_databasebackup_id_seq
    START WITH 1
    INCREMENT BY 1
    NO MINVALUE
    NO MAXVALUE
    CACHE 1
);


--
-- Data for Name: auth_group; Type: TABLE DATA; Schema: public; Owner: postgres
--

COPY public.auth_group (id, name) FROM stdin;
\.


--
-- Data for Name: auth_group_permissions; Type: TABLE DATA; Schema: public; Owner: postgres
--

COPY public.auth_group_permissions (id, group_id, permission_id) FROM stdin;
\.


--
-- Data for Name: auth_permission; Type: TABLE DATA; Schema: public; Owner: postgres
--

COPY public.auth_permission (id, name, content_type_id, codename) FROM stdin;
1	Can add log entry	1	add_logentry
2	Can change log entry	1	change_logentry
3	Can delete log entry	1	delete_logentry
4	Can view log entry	1	view_logentry
5	Can add permission	2	add_permission
6	Can change permission	2	change_permission
7	Can delete permission	2	delete_permission
8	Can view permission	2	view_permission
9	Can add group	3	add_group
10	Can change group	3	change_group
11	Can delete group	3	delete_group
12	Can view group	3	view_group
13	Can add content type	4	add_contenttype
14	Can change content type	4	change_contenttype
15	Can delete content type	4	delete_contenttype
16	Can view content type	4	view_contenttype
17	Can add session	5	add_session
18	Can change session	5	change_session
19	Can delete session	5	delete_session
20	Can view session	5	view_session
21	Can add site	6	add_site
22	Can change site	6	change_site
23	Can delete site	6	delete_site
24	Can view site	6	view_site
25	Can add organization	7	add_organization
26	Can change organization	7	change_organization
27	Can delete organization	7	delete_organization
28	Can view organization	7	view_organization
29	Can add custom user	8	add_customuser
30	Can change custom user	8	change_customuser
31	Can delete custom user	8	delete_customuser
32	Can view custom user	8	view_customuser
33	Can add person	9	add_person
34	Can change person	9	change_person
35	Can delete person	9	delete_person
36	Can view person	9	view_person
37	Can add relationship	10	add_relationship
38	Can change relationship	10	change_relationship
39	Can delete relationship	10	delete_relationship
40	Can view relationship	10	view_relationship
41	Can add speaker	11	add_speaker
42	Can change speaker	11	change_speaker
43	Can delete speaker	11	delete_speaker
44	Can view speaker	11	view_speaker
45	Can add staff	12	add_staff
46	Can change staff	12	change_staff
47	Can delete staff	12	delete_staff
48	Can view staff	12	view_staff
49	Can add writer	13	add_writer
50	Can change writer	13	change_writer
51	Can delete writer	13	delete_writer
52	Can view writer	13	view_writer
53	Can add analytics visitor data	14	add_analyticsvisitordata
54	Can change analytics visitor data	14	change_analyticsvisitordata
55	Can delete analytics visitor data	14	delete_analyticsvisitordata
56	Can view analytics visitor data	14	view_analyticsvisitordata
57	Can add Category	15	add_category
58	Can change Category	15	change_category
59	Can delete Category	15	delete_category
60	Can view Category	15	view_category
61	Can add Option	16	add_option
62	Can change Option	16	change_option
63	Can delete Option	16	delete_option
64	Can view Option	16	view_option
65	Can add microsoft account	17	add_microsoftaccount
66	Can change microsoft account	17	change_microsoftaccount
67	Can delete microsoft account	17	delete_microsoftaccount
68	Can view microsoft account	17	view_microsoftaccount
69	Can add xbox live account	18	add_xboxliveaccount
70	Can change xbox live account	18	change_xboxliveaccount
71	Can delete xbox live account	18	delete_xboxliveaccount
72	Can view xbox live account	18	view_xboxliveaccount
73	Can add database backup	19	add_databasebackup
74	Can change database backup	19	change_databasebackup
75	Can delete database backup	19	delete_databasebackup
76	Can view database backup	19	view_databasebackup
\.


--
-- Data for Name: config_category; Type: TABLE DATA; Schema: public; Owner: postgres
--

COPY public.config_category (id, created_at, updated_at, name, description, is_active, created_by_id, updated_by_id) FROM stdin;
\.


--
-- Data for Name: config_option; Type: TABLE DATA; Schema: public; Owner: postgres
--

COPY public.config_option (id, created_at, updated_at, name, value, description, is_active, "order", category_id, created_by_id, updated_by_id, parent_id) FROM stdin;
\.


--
-- Data for Name: django_admin_log; Type: TABLE DATA; Schema: public; Owner: postgres
--

COPY public.django_admin_log (id, action_time, object_id, object_repr, action_flag, change_message, content_type_id, user_id) FROM stdin;
1	2024-10-09 13:29:05.489266+07	1	localhost:8000	2	[{"changed": {"fields": ["Domain name", "Display name"]}}]	6	2
\.


--
-- Data for Name: django_content_type; Type: TABLE DATA; Schema: public; Owner: postgres
--

COPY public.django_content_type (id, app_label, model) FROM stdin;
1	admin	logentry
2	auth	permission
3	auth	group
4	contenttypes	contenttype
5	sessions	session
6	sites	site
7	people	organization
8	people	customuser
9	people	person
10	people	relationship
11	people	speaker
12	people	staff
13	people	writer
14	tools	analyticsvisitordata
15	config	category
16	config	option
17	microsoft_auth	microsoftaccount
18	microsoft_auth	xboxliveaccount
19	tools	databasebackup
\.


--
-- Data for Name: django_migrations; Type: TABLE DATA; Schema: public; Owner: postgres
--

COPY public.django_migrations (id, app, name, applied) FROM stdin;
1	contenttypes	0001_initial	2024-10-09 13:26:35.705259+07
2	contenttypes	0002_remove_content_type_name	2024-10-09 13:26:35.712259+07
3	auth	0001_initial	2024-10-09 13:26:35.736603+07
4	auth	0002_alter_permission_name_max_length	2024-10-09 13:26:35.739633+07
5	auth	0003_alter_user_email_max_length	2024-10-09 13:26:35.74361+07
6	auth	0004_alter_user_username_opts	2024-10-09 13:26:35.747609+07
7	auth	0005_alter_user_last_login_null	2024-10-09 13:26:35.75061+07
8	auth	0006_require_contenttypes_0002	2024-10-09 13:26:35.75176+07
9	auth	0007_alter_validators_add_error_messages	2024-10-09 13:26:35.754767+07
10	auth	0008_alter_user_username_max_length	2024-10-09 13:26:35.757338+07
11	auth	0009_alter_user_last_name_max_length	2024-10-09 13:26:35.775543+07
12	auth	0010_alter_group_name_max_length	2024-10-09 13:26:35.779508+07
13	auth	0011_update_proxy_permissions	2024-10-09 13:26:35.782508+07
14	auth	0012_alter_user_first_name_max_length	2024-10-09 13:26:35.785509+07
15	people	0001_initial	2024-10-09 13:26:35.866497+07
16	admin	0001_initial	2024-10-09 13:26:35.882676+07
17	admin	0002_logentry_remove_auto_add	2024-10-09 13:26:35.888676+07
18	admin	0003_logentry_add_action_flag_choices	2024-10-09 13:26:35.894675+07
19	config	0001_initial	2024-10-09 13:26:35.926705+07
20	config	0002_alter_option_value	2024-10-09 13:26:35.934392+07
21	config	0003_option_parent	2024-10-09 13:26:35.945408+07
22	microsoft_auth	0001_initial	2024-10-09 13:26:35.972256+07
23	microsoft_auth	0002_fix_microsoft_id_length	2024-10-09 13:26:35.980256+07
24	microsoft_auth	0003_microsoft_id_openid	2024-10-09 13:26:35.988256+07
25	microsoft_auth	0004_alter_microsoftaccount_id_alter_xboxliveaccount_id	2024-10-09 13:26:36.015997+07
26	people	0002_remove_speaker_organization_and_more	2024-10-09 13:26:36.044004+07
27	sessions	0001_initial	2024-10-09 13:26:36.052002+07
28	sites	0001_initial	2024-10-09 13:26:36.056512+07
29	sites	0002_alter_domain_unique	2024-10-09 13:26:36.060519+07
30	tools	0001_initial	2024-10-09 13:26:36.065518+07
31	tools	0002_databasebackup	2024-10-09 13:27:27.020911+07
\.


--
-- Data for Name: django_session; Type: TABLE DATA; Schema: public; Owner: postgres
--

COPY public.django_session (session_key, session_data, expire_date) FROM stdin;
gzhdwkjoaees96lqkqrtsq7vn68bemay	.eJxVjEEOgjAURO_StWna2hZw6Z4zNPP_LxY1kFBYGe-uJCx0O--9eamEbS1pq3lJo6iLcur0uxH4kacdyB3TbdY8T-sykt4VfdCq-1ny83q4fwcFtXxrgLlhJo5nH6SBi5YCGwwRQkRoDbnQiRs4IEvuDPkQbSTTWnTGi3p_ACi8OS0:1syQBe:0n91pqqVqA2vFfmWg6G199VXUmgAEhTr35ih7EL5_1Y	2024-10-23 13:28:42.928239+07
\.


--
-- Data for Name: django_site; Type: TABLE DATA; Schema: public; Owner: postgres
--

COPY public.django_site (id, domain, name) FROM stdin;
1	localhost:8000	localhost
\.


--
-- Data for Name: microsoft_auth_microsoftaccount; Type: TABLE DATA; Schema: public; Owner: postgres
--

COPY public.microsoft_auth_microsoftaccount (id, microsoft_id, user_id) FROM stdin;
1	mk7NNLGarnumwVTW2UO-_sitPN9siLY1NP8tADM8PEU	1
\.


--
-- Data for Name: microsoft_auth_xboxliveaccount; Type: TABLE DATA; Schema: public; Owner: postgres
--

COPY public.microsoft_auth_xboxliveaccount (id, xbox_id, gamertag, user_id) FROM stdin;
\.


--
-- Data for Name: people_customuser; Type: TABLE DATA; Schema: public; Owner: postgres
--

COPY public.people_customuser (id, password, last_login, is_superuser, username, first_name, last_name, email, is_staff, is_active, date_joined, user_type) FROM stdin;
1		2024-10-09 13:27:02.453735+07	f	dev@csis.or.id	Nuroji	Lukmansyah	dev@csis.or.id	f	t	2024-10-09 13:27:02.447291+07	
2	pbkdf2_sha256$870000$dGEnAaKSRlVVsX8Sgw6tfn$wFpcbf3sWS75TRQnbxIYmJkZOqXoMoQ4eN0OnubmmSU=	2024-10-09 13:28:42.927237+07	t	admin.csis			dev@csis.or.id	t	t	2024-10-09 13:28:30.307267+07	
\.


--
-- Data for Name: people_customuser_groups; Type: TABLE DATA; Schema: public; Owner: postgres
--

COPY public.people_customuser_groups (id, customuser_id, group_id) FROM stdin;
\.


--
-- Data for Name: people_customuser_user_permissions; Type: TABLE DATA; Schema: public; Owner: postgres
--

COPY public.people_customuser_user_permissions (id, customuser_id, permission_id) FROM stdin;
\.


--
-- Data for Name: people_organization; Type: TABLE DATA; Schema: public; Owner: postgres
--

COPY public.people_organization (id, name, slug, phone, address, logo, description, publish) FROM stdin;
\.


--
-- Data for Name: people_person; Type: TABLE DATA; Schema: public; Owner: postgres
--

COPY public.people_person (id, first_name, last_name, date_of_birth, image, email, phone_number, address, user_id) FROM stdin;
\.


--
-- Data for Name: people_relationship; Type: TABLE DATA; Schema: public; Owner: postgres
--

COPY public.people_relationship (id, relationship_type, kontak_darurat, person_id, related_person_id) FROM stdin;
\.


--
-- Data for Name: people_speaker; Type: TABLE DATA; Schema: public; Owner: postgres
--

COPY public.people_speaker (id, bio, areas_of_expertise, speaking_fee, person_id) FROM stdin;
\.


--
-- Data for Name: people_staff; Type: TABLE DATA; Schema: public; Owner: postgres
--

COPY public.people_staff (id, employee_id, department, "position", hire_date, person_id) FROM stdin;
\.


--
-- Data for Name: people_writer; Type: TABLE DATA; Schema: public; Owner: postgres
--

COPY public.people_writer (id, genre, publications, person_id) FROM stdin;
\.


--
-- Data for Name: tools_analyticsvisitordata; Type: TABLE DATA; Schema: public; Owner: postgres
--

COPY public.tools_analyticsvisitordata (id, "timestamp", source, device, browser, os, country, ip_address) FROM stdin;
\.


--
-- Data for Name: tools_databasebackup; Type: TABLE DATA; Schema: public; Owner: postgres
--

COPY public.tools_databasebackup (id, "timestamp", file_name, file_size) FROM stdin;
1	2024-10-09 13:27:33.380396+07	D:\\Knowledgehub\\backups\\db_backup_20241009_062733.sql	55321
\.


--
-- Name: auth_group_id_seq; Type: SEQUENCE SET; Schema: public; Owner: postgres
--

SELECT pg_catalog.setval('public.auth_group_id_seq', 1, false);


--
-- Name: auth_group_permissions_id_seq; Type: SEQUENCE SET; Schema: public; Owner: postgres
--

SELECT pg_catalog.setval('public.auth_group_permissions_id_seq', 1, false);


--
-- Name: auth_permission_id_seq; Type: SEQUENCE SET; Schema: public; Owner: postgres
--

SELECT pg_catalog.setval('public.auth_permission_id_seq', 76, true);


--
-- Name: config_category_id_seq; Type: SEQUENCE SET; Schema: public; Owner: postgres
--

SELECT pg_catalog.setval('public.config_category_id_seq', 1, false);


--
-- Name: config_option_id_seq; Type: SEQUENCE SET; Schema: public; Owner: postgres
--

SELECT pg_catalog.setval('public.config_option_id_seq', 1, false);


--
-- Name: django_admin_log_id_seq; Type: SEQUENCE SET; Schema: public; Owner: postgres
--

SELECT pg_catalog.setval('public.django_admin_log_id_seq', 1, true);


--
-- Name: django_content_type_id_seq; Type: SEQUENCE SET; Schema: public; Owner: postgres
--

SELECT pg_catalog.setval('public.django_content_type_id_seq', 19, true);


--
-- Name: django_migrations_id_seq; Type: SEQUENCE SET; Schema: public; Owner: postgres
--

SELECT pg_catalog.setval('public.django_migrations_id_seq', 31, true);


--
-- Name: django_site_id_seq; Type: SEQUENCE SET; Schema: public; Owner: postgres
--

SELECT pg_catalog.setval('public.django_site_id_seq', 1, true);


--
-- Name: microsoft_auth_microsoftaccount_id_seq; Type: SEQUENCE SET; Schema: public; Owner: postgres
--

SELECT pg_catalog.setval('public.microsoft_auth_microsoftaccount_id_seq', 1, true);


--
-- Name: microsoft_auth_xboxliveaccount_id_seq; Type: SEQUENCE SET; Schema: public; Owner: postgres
--

SELECT pg_catalog.setval('public.microsoft_auth_xboxliveaccount_id_seq', 1, false);


--
-- Name: people_customuser_groups_id_seq; Type: SEQUENCE SET; Schema: public; Owner: postgres
--

SELECT pg_catalog.setval('public.people_customuser_groups_id_seq', 1, false);


--
-- Name: people_customuser_id_seq; Type: SEQUENCE SET; Schema: public; Owner: postgres
--

SELECT pg_catalog.setval('public.people_customuser_id_seq', 2, true);


--
-- Name: people_customuser_user_permissions_id_seq; Type: SEQUENCE SET; Schema: public; Owner: postgres
--

SELECT pg_catalog.setval('public.people_customuser_user_permissions_id_seq', 1, false);


--
-- Name: people_organization_id_seq; Type: SEQUENCE SET; Schema: public; Owner: postgres
--

SELECT pg_catalog.setval('public.people_organization_id_seq', 1, false);


--
-- Name: people_person_id_seq; Type: SEQUENCE SET; Schema: public; Owner: postgres
--

SELECT pg_catalog.setval('public.people_person_id_seq', 1, false);


--
-- Name: people_relationship_id_seq; Type: SEQUENCE SET; Schema: public; Owner: postgres
--

SELECT pg_catalog.setval('public.people_relationship_id_seq', 1, false);


--
-- Name: people_speaker_id_seq; Type: SEQUENCE SET; Schema: public; Owner: postgres
--

SELECT pg_catalog.setval('public.people_speaker_id_seq', 1, false);


--
-- Name: people_staff_id_seq; Type: SEQUENCE SET; Schema: public; Owner: postgres
--

SELECT pg_catalog.setval('public.people_staff_id_seq', 1, false);


--
-- Name: people_writer_id_seq; Type: SEQUENCE SET; Schema: public; Owner: postgres
--

SELECT pg_catalog.setval('public.people_writer_id_seq', 1, false);


--
-- Name: tools_analyticsvisitordata_id_seq; Type: SEQUENCE SET; Schema: public; Owner: postgres
--

SELECT pg_catalog.setval('public.tools_analyticsvisitordata_id_seq', 1, false);


--
-- Name: tools_databasebackup_id_seq; Type: SEQUENCE SET; Schema: public; Owner: postgres
--

SELECT pg_catalog.setval('public.tools_databasebackup_id_seq', 1, true);


--
-- Name: auth_group auth_group_name_key; Type: CONSTRAINT; Schema: public; Owner: postgres
--

ALTER TABLE ONLY public.auth_group
    ADD CONSTRAINT auth_group_name_key UNIQUE (name);


--
-- Name: auth_group_permissions auth_group_permissions_group_id_permission_id_0cd325b0_uniq; Type: CONSTRAINT; Schema: public; Owner: postgres
--

ALTER TABLE ONLY public.auth_group_permissions
    ADD CONSTRAINT auth_group_permissions_group_id_permission_id_0cd325b0_uniq UNIQUE (group_id, permission_id);


--
-- Name: auth_group_permissions auth_group_permissions_pkey; Type: CONSTRAINT; Schema: public; Owner: postgres
--

ALTER TABLE ONLY public.auth_group_permissions
    ADD CONSTRAINT auth_group_permissions_pkey PRIMARY KEY (id);


--
-- Name: auth_group auth_group_pkey; Type: CONSTRAINT; Schema: public; Owner: postgres
--

ALTER TABLE ONLY public.auth_group
    ADD CONSTRAINT auth_group_pkey PRIMARY KEY (id);


--
-- Name: auth_permission auth_permission_content_type_id_codename_01ab375a_uniq; Type: CONSTRAINT; Schema: public; Owner: postgres
--

ALTER TABLE ONLY public.auth_permission
    ADD CONSTRAINT auth_permission_content_type_id_codename_01ab375a_uniq UNIQUE (content_type_id, codename);


--
-- Name: auth_permission auth_permission_pkey; Type: CONSTRAINT; Schema: public; Owner: postgres
--

ALTER TABLE ONLY public.auth_permission
    ADD CONSTRAINT auth_permission_pkey PRIMARY KEY (id);


--
-- Name: config_category config_category_name_key; Type: CONSTRAINT; Schema: public; Owner: postgres
--

ALTER TABLE ONLY public.config_category
    ADD CONSTRAINT config_category_name_key UNIQUE (name);


--
-- Name: config_category config_category_pkey; Type: CONSTRAINT; Schema: public; Owner: postgres
--

ALTER TABLE ONLY public.config_category
    ADD CONSTRAINT config_category_pkey PRIMARY KEY (id);


--
-- Name: config_option config_option_category_id_name_18770eed_uniq; Type: CONSTRAINT; Schema: public; Owner: postgres
--

ALTER TABLE ONLY public.config_option
    ADD CONSTRAINT config_option_category_id_name_18770eed_uniq UNIQUE (category_id, name);


--
-- Name: config_option config_option_pkey; Type: CONSTRAINT; Schema: public; Owner: postgres
--

ALTER TABLE ONLY public.config_option
    ADD CONSTRAINT config_option_pkey PRIMARY KEY (id);


--
-- Name: django_admin_log django_admin_log_pkey; Type: CONSTRAINT; Schema: public; Owner: postgres
--

ALTER TABLE ONLY public.django_admin_log
    ADD CONSTRAINT django_admin_log_pkey PRIMARY KEY (id);


--
-- Name: django_content_type django_content_type_app_label_model_76bd3d3b_uniq; Type: CONSTRAINT; Schema: public; Owner: postgres
--

ALTER TABLE ONLY public.django_content_type
    ADD CONSTRAINT django_content_type_app_label_model_76bd3d3b_uniq UNIQUE (app_label, model);


--
-- Name: django_content_type django_content_type_pkey; Type: CONSTRAINT; Schema: public; Owner: postgres
--

ALTER TABLE ONLY public.django_content_type
    ADD CONSTRAINT django_content_type_pkey PRIMARY KEY (id);


--
-- Name: django_migrations django_migrations_pkey; Type: CONSTRAINT; Schema: public; Owner: postgres
--

ALTER TABLE ONLY public.django_migrations
    ADD CONSTRAINT django_migrations_pkey PRIMARY KEY (id);


--
-- Name: django_session django_session_pkey; Type: CONSTRAINT; Schema: public; Owner: postgres
--

ALTER TABLE ONLY public.django_session
    ADD CONSTRAINT django_session_pkey PRIMARY KEY (session_key);


--
-- Name: django_site django_site_domain_a2e37b91_uniq; Type: CONSTRAINT; Schema: public; Owner: postgres
--

ALTER TABLE ONLY public.django_site
    ADD CONSTRAINT django_site_domain_a2e37b91_uniq UNIQUE (domain);


--
-- Name: django_site django_site_pkey; Type: CONSTRAINT; Schema: public; Owner: postgres
--

ALTER TABLE ONLY public.django_site
    ADD CONSTRAINT django_site_pkey PRIMARY KEY (id);


--
-- Name: microsoft_auth_microsoftaccount microsoft_auth_microsoftaccount_pkey; Type: CONSTRAINT; Schema: public; Owner: postgres
--

ALTER TABLE ONLY public.microsoft_auth_microsoftaccount
    ADD CONSTRAINT microsoft_auth_microsoftaccount_pkey PRIMARY KEY (id);


--
-- Name: microsoft_auth_microsoftaccount microsoft_auth_microsoftaccount_user_id_key; Type: CONSTRAINT; Schema: public; Owner: postgres
--

ALTER TABLE ONLY public.microsoft_auth_microsoftaccount
    ADD CONSTRAINT microsoft_auth_microsoftaccount_user_id_key UNIQUE (user_id);


--
-- Name: microsoft_auth_xboxliveaccount microsoft_auth_xboxliveaccount_pkey; Type: CONSTRAINT; Schema: public; Owner: postgres
--

ALTER TABLE ONLY public.microsoft_auth_xboxliveaccount
    ADD CONSTRAINT microsoft_auth_xboxliveaccount_pkey PRIMARY KEY (id);


--
-- Name: microsoft_auth_xboxliveaccount microsoft_auth_xboxliveaccount_user_id_key; Type: CONSTRAINT; Schema: public; Owner: postgres
--

ALTER TABLE ONLY public.microsoft_auth_xboxliveaccount
    ADD CONSTRAINT microsoft_auth_xboxliveaccount_user_id_key UNIQUE (user_id);


--
-- Name: microsoft_auth_xboxliveaccount microsoft_auth_xboxliveaccount_xbox_id_key; Type: CONSTRAINT; Schema: public; Owner: postgres
--

ALTER TABLE ONLY public.microsoft_auth_xboxliveaccount
    ADD CONSTRAINT microsoft_auth_xboxliveaccount_xbox_id_key UNIQUE (xbox_id);


--
-- Name: people_customuser_groups people_customuser_groups_customuser_id_group_id_66a351b8_uniq; Type: CONSTRAINT; Schema: public; Owner: postgres
--

ALTER TABLE ONLY public.people_customuser_groups
    ADD CONSTRAINT people_customuser_groups_customuser_id_group_id_66a351b8_uniq UNIQUE (customuser_id, group_id);


--
-- Name: people_customuser_groups people_customuser_groups_pkey; Type: CONSTRAINT; Schema: public; Owner: postgres
--

ALTER TABLE ONLY public.people_customuser_groups
    ADD CONSTRAINT people_customuser_groups_pkey PRIMARY KEY (id);


--
-- Name: people_customuser people_customuser_pkey; Type: CONSTRAINT; Schema: public; Owner: postgres
--

ALTER TABLE ONLY public.people_customuser
    ADD CONSTRAINT people_customuser_pkey PRIMARY KEY (id);


--
-- Name: people_customuser_user_permissions people_customuser_user_p_customuser_id_permission_c7164069_uniq; Type: CONSTRAINT; Schema: public; Owner: postgres
--

ALTER TABLE ONLY public.people_customuser_user_permissions
    ADD CONSTRAINT people_customuser_user_p_customuser_id_permission_c7164069_uniq UNIQUE (customuser_id, permission_id);


--
-- Name: people_customuser_user_permissions people_customuser_user_permissions_pkey; Type: CONSTRAINT; Schema: public; Owner: postgres
--

ALTER TABLE ONLY public.people_customuser_user_permissions
    ADD CONSTRAINT people_customuser_user_permissions_pkey PRIMARY KEY (id);


--
-- Name: people_customuser people_customuser_username_key; Type: CONSTRAINT; Schema: public; Owner: postgres
--

ALTER TABLE ONLY public.people_customuser
    ADD CONSTRAINT people_customuser_username_key UNIQUE (username);


--
-- Name: people_organization people_organization_pkey; Type: CONSTRAINT; Schema: public; Owner: postgres
--

ALTER TABLE ONLY public.people_organization
    ADD CONSTRAINT people_organization_pkey PRIMARY KEY (id);


--
-- Name: people_organization people_organization_slug_key; Type: CONSTRAINT; Schema: public; Owner: postgres
--

ALTER TABLE ONLY public.people_organization
    ADD CONSTRAINT people_organization_slug_key UNIQUE (slug);


--
-- Name: people_person people_person_email_key; Type: CONSTRAINT; Schema: public; Owner: postgres
--

ALTER TABLE ONLY public.people_person
    ADD CONSTRAINT people_person_email_key UNIQUE (email);


--
-- Name: people_person people_person_pkey; Type: CONSTRAINT; Schema: public; Owner: postgres
--

ALTER TABLE ONLY public.people_person
    ADD CONSTRAINT people_person_pkey PRIMARY KEY (id);


--
-- Name: people_person people_person_user_id_key; Type: CONSTRAINT; Schema: public; Owner: postgres
--

ALTER TABLE ONLY public.people_person
    ADD CONSTRAINT people_person_user_id_key UNIQUE (user_id);


--
-- Name: people_relationship people_relationship_pkey; Type: CONSTRAINT; Schema: public; Owner: postgres
--

ALTER TABLE ONLY public.people_relationship
    ADD CONSTRAINT people_relationship_pkey PRIMARY KEY (id);


--
-- Name: people_speaker people_speaker_person_id_key; Type: CONSTRAINT; Schema: public; Owner: postgres
--

ALTER TABLE ONLY public.people_speaker
    ADD CONSTRAINT people_speaker_person_id_key UNIQUE (person_id);


--
-- Name: people_speaker people_speaker_pkey; Type: CONSTRAINT; Schema: public; Owner: postgres
--

ALTER TABLE ONLY public.people_speaker
    ADD CONSTRAINT people_speaker_pkey PRIMARY KEY (id);


--
-- Name: people_staff people_staff_employee_id_key; Type: CONSTRAINT; Schema: public; Owner: postgres
--

ALTER TABLE ONLY public.people_staff
    ADD CONSTRAINT people_staff_employee_id_key UNIQUE (employee_id);


--
-- Name: people_staff people_staff_person_id_key; Type: CONSTRAINT; Schema: public; Owner: postgres
--

ALTER TABLE ONLY public.people_staff
    ADD CONSTRAINT people_staff_person_id_key UNIQUE (person_id);


--
-- Name: people_staff people_staff_pkey; Type: CONSTRAINT; Schema: public; Owner: postgres
--

ALTER TABLE ONLY public.people_staff
    ADD CONSTRAINT people_staff_pkey PRIMARY KEY (id);


--
-- Name: people_writer people_writer_person_id_key; Type: CONSTRAINT; Schema: public; Owner: postgres
--

ALTER TABLE ONLY public.people_writer
    ADD CONSTRAINT people_writer_person_id_key UNIQUE (person_id);


--
-- Name: people_writer people_writer_pkey; Type: CONSTRAINT; Schema: public; Owner: postgres
--

ALTER TABLE ONLY public.people_writer
    ADD CONSTRAINT people_writer_pkey PRIMARY KEY (id);


--
-- Name: tools_analyticsvisitordata tools_analyticsvisitordata_pkey; Type: CONSTRAINT; Schema: public; Owner: postgres
--

ALTER TABLE ONLY public.tools_analyticsvisitordata
    ADD CONSTRAINT tools_analyticsvisitordata_pkey PRIMARY KEY (id);


--
-- Name: tools_databasebackup tools_databasebackup_pkey; Type: CONSTRAINT; Schema: public; Owner: postgres
--

ALTER TABLE ONLY public.tools_databasebackup
    ADD CONSTRAINT tools_databasebackup_pkey PRIMARY KEY (id);


--
-- Name: auth_group_name_a6ea08ec_like; Type: INDEX; Schema: public; Owner: postgres
--

CREATE INDEX auth_group_name_a6ea08ec_like ON public.auth_group USING btree (name varchar_pattern_ops);


--
-- Name: auth_group_permissions_group_id_b120cbf9; Type: INDEX; Schema: public; Owner: postgres
--

CREATE INDEX auth_group_permissions_group_id_b120cbf9 ON public.auth_group_permissions USING btree (group_id);


--
-- Name: auth_group_permissions_permission_id_84c5c92e; Type: INDEX; Schema: public; Owner: postgres
--

CREATE INDEX auth_group_permissions_permission_id_84c5c92e ON public.auth_group_permissions USING btree (permission_id);


--
-- Name: auth_permission_content_type_id_2f476e4b; Type: INDEX; Schema: public; Owner: postgres
--

CREATE INDEX auth_permission_content_type_id_2f476e4b ON public.auth_permission USING btree (content_type_id);


--
-- Name: config_category_created_by_id_c542c717; Type: INDEX; Schema: public; Owner: postgres
--

CREATE INDEX config_category_created_by_id_c542c717 ON public.config_category USING btree (created_by_id);


--
-- Name: config_category_name_fb8c347b_like; Type: INDEX; Schema: public; Owner: postgres
--

CREATE INDEX config_category_name_fb8c347b_like ON public.config_category USING btree (name varchar_pattern_ops);


--
-- Name: config_category_updated_by_id_2ab1223d; Type: INDEX; Schema: public; Owner: postgres
--

CREATE INDEX config_category_updated_by_id_2ab1223d ON public.config_category USING btree (updated_by_id);


--
-- Name: config_option_category_id_fe215282; Type: INDEX; Schema: public; Owner: postgres
--

CREATE INDEX config_option_category_id_fe215282 ON public.config_option USING btree (category_id);


--
-- Name: config_option_created_by_id_33c8e10b; Type: INDEX; Schema: public; Owner: postgres
--

CREATE INDEX config_option_created_by_id_33c8e10b ON public.config_option USING btree (created_by_id);


--
-- Name: config_option_parent_id_5b1e96e2; Type: INDEX; Schema: public; Owner: postgres
--

CREATE INDEX config_option_parent_id_5b1e96e2 ON public.config_option USING btree (parent_id);


--
-- Name: config_option_updated_by_id_c18d2175; Type: INDEX; Schema: public; Owner: postgres
--

CREATE INDEX config_option_updated_by_id_c18d2175 ON public.config_option USING btree (updated_by_id);


--
-- Name: django_admin_log_content_type_id_c4bce8eb; Type: INDEX; Schema: public; Owner: postgres
--

CREATE INDEX django_admin_log_content_type_id_c4bce8eb ON public.django_admin_log USING btree (content_type_id);


--
-- Name: django_admin_log_user_id_c564eba6; Type: INDEX; Schema: public; Owner: postgres
--

CREATE INDEX django_admin_log_user_id_c564eba6 ON public.django_admin_log USING btree (user_id);


--
-- Name: django_session_expire_date_a5c62663; Type: INDEX; Schema: public; Owner: postgres
--

CREATE INDEX django_session_expire_date_a5c62663 ON public.django_session USING btree (expire_date);


--
-- Name: django_session_session_key_c0390e0f_like; Type: INDEX; Schema: public; Owner: postgres
--

CREATE INDEX django_session_session_key_c0390e0f_like ON public.django_session USING btree (session_key varchar_pattern_ops);


--
-- Name: django_site_domain_a2e37b91_like; Type: INDEX; Schema: public; Owner: postgres
--

CREATE INDEX django_site_domain_a2e37b91_like ON public.django_site USING btree (domain varchar_pattern_ops);


--
-- Name: microsoft_auth_xboxliveaccount_xbox_id_e4f1ceab_like; Type: INDEX; Schema: public; Owner: postgres
--

CREATE INDEX microsoft_auth_xboxliveaccount_xbox_id_e4f1ceab_like ON public.microsoft_auth_xboxliveaccount USING btree (xbox_id varchar_pattern_ops);


--
-- Name: people_customuser_groups_customuser_id_99fd5cd1; Type: INDEX; Schema: public; Owner: postgres
--

CREATE INDEX people_customuser_groups_customuser_id_99fd5cd1 ON public.people_customuser_groups USING btree (customuser_id);


--
-- Name: people_customuser_groups_group_id_1adc6231; Type: INDEX; Schema: public; Owner: postgres
--

CREATE INDEX people_customuser_groups_group_id_1adc6231 ON public.people_customuser_groups USING btree (group_id);


--
-- Name: people_customuser_user_permissions_customuser_id_04e9246e; Type: INDEX; Schema: public; Owner: postgres
--

CREATE INDEX people_customuser_user_permissions_customuser_id_04e9246e ON public.people_customuser_user_permissions USING btree (customuser_id);


--
-- Name: people_customuser_user_permissions_permission_id_883d8025; Type: INDEX; Schema: public; Owner: postgres
--

CREATE INDEX people_customuser_user_permissions_permission_id_883d8025 ON public.people_customuser_user_permissions USING btree (permission_id);


--
-- Name: people_customuser_username_53db788b_like; Type: INDEX; Schema: public; Owner: postgres
--

CREATE INDEX people_customuser_username_53db788b_like ON public.people_customuser USING btree (username varchar_pattern_ops);


--
-- Name: people_organization_slug_d2963652_like; Type: INDEX; Schema: public; Owner: postgres
--

CREATE INDEX people_organization_slug_d2963652_like ON public.people_organization USING btree (slug varchar_pattern_ops);


--
-- Name: people_person_email_cdc75531_like; Type: INDEX; Schema: public; Owner: postgres
--

CREATE INDEX people_person_email_cdc75531_like ON public.people_person USING btree (email varchar_pattern_ops);


--
-- Name: people_relationship_person_id_37b60c82; Type: INDEX; Schema: public; Owner: postgres
--

CREATE INDEX people_relationship_person_id_37b60c82 ON public.people_relationship USING btree (person_id);


--
-- Name: people_relationship_related_person_id_8274b84c; Type: INDEX; Schema: public; Owner: postgres
--

CREATE INDEX people_relationship_related_person_id_8274b84c ON public.people_relationship USING btree (related_person_id);


--
-- Name: people_staff_employee_id_b9dca250_like; Type: INDEX; Schema: public; Owner: postgres
--

CREATE INDEX people_staff_employee_id_b9dca250_like ON public.people_staff USING btree (employee_id varchar_pattern_ops);


--
-- Name: auth_group_permissions auth_group_permissio_permission_id_84c5c92e_fk_auth_perm; Type: FK CONSTRAINT; Schema: public; Owner: postgres
--

ALTER TABLE ONLY public.auth_group_permissions
    ADD CONSTRAINT auth_group_permissio_permission_id_84c5c92e_fk_auth_perm FOREIGN KEY (permission_id) REFERENCES public.auth_permission(id) DEFERRABLE INITIALLY DEFERRED;


--
-- Name: auth_group_permissions auth_group_permissions_group_id_b120cbf9_fk_auth_group_id; Type: FK CONSTRAINT; Schema: public; Owner: postgres
--

ALTER TABLE ONLY public.auth_group_permissions
    ADD CONSTRAINT auth_group_permissions_group_id_b120cbf9_fk_auth_group_id FOREIGN KEY (group_id) REFERENCES public.auth_group(id) DEFERRABLE INITIALLY DEFERRED;


--
-- Name: auth_permission auth_permission_content_type_id_2f476e4b_fk_django_co; Type: FK CONSTRAINT; Schema: public; Owner: postgres
--

ALTER TABLE ONLY public.auth_permission
    ADD CONSTRAINT auth_permission_content_type_id_2f476e4b_fk_django_co FOREIGN KEY (content_type_id) REFERENCES public.django_content_type(id) DEFERRABLE INITIALLY DEFERRED;


--
-- Name: config_category config_category_created_by_id_c542c717_fk_people_customuser_id; Type: FK CONSTRAINT; Schema: public; Owner: postgres
--

ALTER TABLE ONLY public.config_category
    ADD CONSTRAINT config_category_created_by_id_c542c717_fk_people_customuser_id FOREIGN KEY (created_by_id) REFERENCES public.people_customuser(id) DEFERRABLE INITIALLY DEFERRED;


--
-- Name: config_category config_category_updated_by_id_2ab1223d_fk_people_customuser_id; Type: FK CONSTRAINT; Schema: public; Owner: postgres
--

ALTER TABLE ONLY public.config_category
    ADD CONSTRAINT config_category_updated_by_id_2ab1223d_fk_people_customuser_id FOREIGN KEY (updated_by_id) REFERENCES public.people_customuser(id) DEFERRABLE INITIALLY DEFERRED;


--
-- Name: config_option config_option_category_id_fe215282_fk_config_category_id; Type: FK CONSTRAINT; Schema: public; Owner: postgres
--

ALTER TABLE ONLY public.config_option
    ADD CONSTRAINT config_option_category_id_fe215282_fk_config_category_id FOREIGN KEY (category_id) REFERENCES public.config_category(id) DEFERRABLE INITIALLY DEFERRED;


--
-- Name: config_option config_option_created_by_id_33c8e10b_fk_people_customuser_id; Type: FK CONSTRAINT; Schema: public; Owner: postgres
--

ALTER TABLE ONLY public.config_option
    ADD CONSTRAINT config_option_created_by_id_33c8e10b_fk_people_customuser_id FOREIGN KEY (created_by_id) REFERENCES public.people_customuser(id) DEFERRABLE INITIALLY DEFERRED;


--
-- Name: config_option config_option_parent_id_5b1e96e2_fk_config_option_id; Type: FK CONSTRAINT; Schema: public; Owner: postgres
--

ALTER TABLE ONLY public.config_option
    ADD CONSTRAINT config_option_parent_id_5b1e96e2_fk_config_option_id FOREIGN KEY (parent_id) REFERENCES public.config_option(id) DEFERRABLE INITIALLY DEFERRED;


--
-- Name: config_option config_option_updated_by_id_c18d2175_fk_people_customuser_id; Type: FK CONSTRAINT; Schema: public; Owner: postgres
--

ALTER TABLE ONLY public.config_option
    ADD CONSTRAINT config_option_updated_by_id_c18d2175_fk_people_customuser_id FOREIGN KEY (updated_by_id) REFERENCES public.people_customuser(id) DEFERRABLE INITIALLY DEFERRED;


--
-- Name: django_admin_log django_admin_log_content_type_id_c4bce8eb_fk_django_co; Type: FK CONSTRAINT; Schema: public; Owner: postgres
--

ALTER TABLE ONLY public.django_admin_log
    ADD CONSTRAINT django_admin_log_content_type_id_c4bce8eb_fk_django_co FOREIGN KEY (content_type_id) REFERENCES public.django_content_type(id) DEFERRABLE INITIALLY DEFERRED;


--
-- Name: django_admin_log django_admin_log_user_id_c564eba6_fk_people_customuser_id; Type: FK CONSTRAINT; Schema: public; Owner: postgres
--

ALTER TABLE ONLY public.django_admin_log
    ADD CONSTRAINT django_admin_log_user_id_c564eba6_fk_people_customuser_id FOREIGN KEY (user_id) REFERENCES public.people_customuser(id) DEFERRABLE INITIALLY DEFERRED;


--
-- Name: microsoft_auth_microsoftaccount microsoft_auth_micro_user_id_4377262f_fk_people_cu; Type: FK CONSTRAINT; Schema: public; Owner: postgres
--

ALTER TABLE ONLY public.microsoft_auth_microsoftaccount
    ADD CONSTRAINT microsoft_auth_micro_user_id_4377262f_fk_people_cu FOREIGN KEY (user_id) REFERENCES public.people_customuser(id) DEFERRABLE INITIALLY DEFERRED;


--
-- Name: microsoft_auth_xboxliveaccount microsoft_auth_xboxl_user_id_5581861b_fk_people_cu; Type: FK CONSTRAINT; Schema: public; Owner: postgres
--

ALTER TABLE ONLY public.microsoft_auth_xboxliveaccount
    ADD CONSTRAINT microsoft_auth_xboxl_user_id_5581861b_fk_people_cu FOREIGN KEY (user_id) REFERENCES public.people_customuser(id) DEFERRABLE INITIALLY DEFERRED;


--
-- Name: people_customuser_groups people_customuser_gr_customuser_id_99fd5cd1_fk_people_cu; Type: FK CONSTRAINT; Schema: public; Owner: postgres
--

ALTER TABLE ONLY public.people_customuser_groups
    ADD CONSTRAINT people_customuser_gr_customuser_id_99fd5cd1_fk_people_cu FOREIGN KEY (customuser_id) REFERENCES public.people_customuser(id) DEFERRABLE INITIALLY DEFERRED;


--
-- Name: people_customuser_groups people_customuser_groups_group_id_1adc6231_fk_auth_group_id; Type: FK CONSTRAINT; Schema: public; Owner: postgres
--

ALTER TABLE ONLY public.people_customuser_groups
    ADD CONSTRAINT people_customuser_groups_group_id_1adc6231_fk_auth_group_id FOREIGN KEY (group_id) REFERENCES public.auth_group(id) DEFERRABLE INITIALLY DEFERRED;


--
-- Name: people_customuser_user_permissions people_customuser_us_customuser_id_04e9246e_fk_people_cu; Type: FK CONSTRAINT; Schema: public; Owner: postgres
--

ALTER TABLE ONLY public.people_customuser_user_permissions
    ADD CONSTRAINT people_customuser_us_customuser_id_04e9246e_fk_people_cu FOREIGN KEY (customuser_id) REFERENCES public.people_customuser(id) DEFERRABLE INITIALLY DEFERRED;


--
-- Name: people_customuser_user_permissions people_customuser_us_permission_id_883d8025_fk_auth_perm; Type: FK CONSTRAINT; Schema: public; Owner: postgres
--

ALTER TABLE ONLY public.people_customuser_user_permissions
    ADD CONSTRAINT people_customuser_us_permission_id_883d8025_fk_auth_perm FOREIGN KEY (permission_id) REFERENCES public.auth_permission(id) DEFERRABLE INITIALLY DEFERRED;


--
-- Name: people_person people_person_user_id_6381a4ab_fk_people_customuser_id; Type: FK CONSTRAINT; Schema: public; Owner: postgres
--

ALTER TABLE ONLY public.people_person
    ADD CONSTRAINT people_person_user_id_6381a4ab_fk_people_customuser_id FOREIGN KEY (user_id) REFERENCES public.people_customuser(id) DEFERRABLE INITIALLY DEFERRED;


--
-- Name: people_relationship people_relationship_person_id_37b60c82_fk_people_person_id; Type: FK CONSTRAINT; Schema: public; Owner: postgres
--

ALTER TABLE ONLY public.people_relationship
    ADD CONSTRAINT people_relationship_person_id_37b60c82_fk_people_person_id FOREIGN KEY (person_id) REFERENCES public.people_person(id) DEFERRABLE INITIALLY DEFERRED;


--
-- Name: people_relationship people_relationship_related_person_id_8274b84c_fk_people_pe; Type: FK CONSTRAINT; Schema: public; Owner: postgres
--

ALTER TABLE ONLY public.people_relationship
    ADD CONSTRAINT people_relationship_related_person_id_8274b84c_fk_people_pe FOREIGN KEY (related_person_id) REFERENCES public.people_person(id) DEFERRABLE INITIALLY DEFERRED;


--
-- Name: people_speaker people_speaker_person_id_c32389ba_fk_people_person_id; Type: FK CONSTRAINT; Schema: public; Owner: postgres
--

ALTER TABLE ONLY public.people_speaker
    ADD CONSTRAINT people_speaker_person_id_c32389ba_fk_people_person_id FOREIGN KEY (person_id) REFERENCES public.people_person(id) DEFERRABLE INITIALLY DEFERRED;


--
-- Name: people_staff people_staff_person_id_b7069ffe_fk_people_person_id; Type: FK CONSTRAINT; Schema: public; Owner: postgres
--

ALTER TABLE ONLY public.people_staff
    ADD CONSTRAINT people_staff_person_id_b7069ffe_fk_people_person_id FOREIGN KEY (person_id) REFERENCES public.people_person(id) DEFERRABLE INITIALLY DEFERRED;


--
-- Name: people_writer people_writer_person_id_14f020dd_fk_people_person_id; Type: FK CONSTRAINT; Schema: public; Owner: postgres
--

ALTER TABLE ONLY public.people_writer
    ADD CONSTRAINT people_writer_person_id_14f020dd_fk_people_person_id FOREIGN KEY (person_id) REFERENCES public.people_person(id) DEFERRABLE INITIALLY DEFERRED;


--
-- PostgreSQL database dump complete
--

