--
-- PostgreSQL database dump
--

-- Dumped from database version 17.0
-- Dumped by pg_dump version 17.0

SET statement_timeout = 0;
SET lock_timeout = 0;
SET idle_in_transaction_session_timeout = 0;
SET transaction_timeout = 0;
SET client_encoding = 'UTF8';
SET standard_conforming_strings = on;
SELECT pg_catalog.set_config('search_path', '', false);
SET check_function_bodies = false;
SET xmloption = content;
SET client_min_messages = warning;
SET row_security = off;

SET default_tablespace = '';

SET default_table_access_method = heap;

--
-- Name: auth_group; Type: TABLE; Schema: public; Owner: postgres
--

CREATE TABLE public.auth_group (
    id integer NOT NULL,
    name character varying(150) NOT NULL
);


ALTER TABLE public.auth_group OWNER TO postgres;

--
-- Name: auth_group_id_seq; Type: SEQUENCE; Schema: public; Owner: postgres
--

ALTER TABLE public.auth_group ALTER COLUMN id ADD GENERATED BY DEFAULT AS IDENTITY (
    SEQUENCE NAME public.auth_group_id_seq
    START WITH 1
    INCREMENT BY 1
    NO MINVALUE
    NO MAXVALUE
    CACHE 1
);


--
-- Name: auth_group_permissions; Type: TABLE; Schema: public; Owner: postgres
--

CREATE TABLE public.auth_group_permissions (
    id bigint NOT NULL,
    group_id integer NOT NULL,
    permission_id integer NOT NULL
);


ALTER TABLE public.auth_group_permissions OWNER TO postgres;

--
-- Name: auth_group_permissions_id_seq; Type: SEQUENCE; Schema: public; Owner: postgres
--

ALTER TABLE public.auth_group_permissions ALTER COLUMN id ADD GENERATED BY DEFAULT AS IDENTITY (
    SEQUENCE NAME public.auth_group_permissions_id_seq
    START WITH 1
    INCREMENT BY 1
    NO MINVALUE
    NO MAXVALUE
    CACHE 1
);


--
-- Name: auth_permission; Type: TABLE; Schema: public; Owner: postgres
--

CREATE TABLE public.auth_permission (
    id integer NOT NULL,
    name character varying(255) NOT NULL,
    content_type_id integer NOT NULL,
    codename character varying(100) NOT NULL
);


ALTER TABLE public.auth_permission OWNER TO postgres;

--
-- Name: auth_permission_id_seq; Type: SEQUENCE; Schema: public; Owner: postgres
--

ALTER TABLE public.auth_permission ALTER COLUMN id ADD GENERATED BY DEFAULT AS IDENTITY (
    SEQUENCE NAME public.auth_permission_id_seq
    START WITH 1
    INCREMENT BY 1
    NO MINVALUE
    NO MAXVALUE
    CACHE 1
);


--
-- Name: auth_user; Type: TABLE; Schema: public; Owner: postgres
--

CREATE TABLE public.auth_user (
    id integer NOT NULL,
    password character varying(128) NOT NULL,
    last_login timestamp with time zone,
    is_superuser boolean NOT NULL,
    username character varying(150) NOT NULL,
    first_name character varying(150) NOT NULL,
    last_name character varying(150) NOT NULL,
    email character varying(254) NOT NULL,
    is_staff boolean NOT NULL,
    is_active boolean NOT NULL,
    date_joined timestamp with time zone NOT NULL
);


ALTER TABLE public.auth_user OWNER TO postgres;

--
-- Name: auth_user_groups; Type: TABLE; Schema: public; Owner: postgres
--

CREATE TABLE public.auth_user_groups (
    id bigint NOT NULL,
    user_id integer NOT NULL,
    group_id integer NOT NULL
);


ALTER TABLE public.auth_user_groups OWNER TO postgres;

--
-- Name: auth_user_groups_id_seq; Type: SEQUENCE; Schema: public; Owner: postgres
--

ALTER TABLE public.auth_user_groups ALTER COLUMN id ADD GENERATED BY DEFAULT AS IDENTITY (
    SEQUENCE NAME public.auth_user_groups_id_seq
    START WITH 1
    INCREMENT BY 1
    NO MINVALUE
    NO MAXVALUE
    CACHE 1
);


--
-- Name: auth_user_id_seq; Type: SEQUENCE; Schema: public; Owner: postgres
--

ALTER TABLE public.auth_user ALTER COLUMN id ADD GENERATED BY DEFAULT AS IDENTITY (
    SEQUENCE NAME public.auth_user_id_seq
    START WITH 1
    INCREMENT BY 1
    NO MINVALUE
    NO MAXVALUE
    CACHE 1
);


--
-- Name: auth_user_user_permissions; Type: TABLE; Schema: public; Owner: postgres
--

CREATE TABLE public.auth_user_user_permissions (
    id bigint NOT NULL,
    user_id integer NOT NULL,
    permission_id integer NOT NULL
);


ALTER TABLE public.auth_user_user_permissions OWNER TO postgres;

--
-- Name: auth_user_user_permissions_id_seq; Type: SEQUENCE; Schema: public; Owner: postgres
--

ALTER TABLE public.auth_user_user_permissions ALTER COLUMN id ADD GENERATED BY DEFAULT AS IDENTITY (
    SEQUENCE NAME public.auth_user_user_permissions_id_seq
    START WITH 1
    INCREMENT BY 1
    NO MINVALUE
    NO MAXVALUE
    CACHE 1
);


--
-- Name: config_category; Type: TABLE; Schema: public; Owner: postgres
--

CREATE TABLE public.config_category (
    id bigint NOT NULL,
    created_at timestamp with time zone NOT NULL,
    updated_at timestamp with time zone NOT NULL,
    name character varying(100) NOT NULL,
    description text NOT NULL,
    is_active boolean NOT NULL,
    created_by_id integer,
    updated_by_id integer
);


ALTER TABLE public.config_category OWNER TO postgres;

--
-- Name: config_category_id_seq; Type: SEQUENCE; Schema: public; Owner: postgres
--

ALTER TABLE public.config_category ALTER COLUMN id ADD GENERATED BY DEFAULT AS IDENTITY (
    SEQUENCE NAME public.config_category_id_seq
    START WITH 1
    INCREMENT BY 1
    NO MINVALUE
    NO MAXVALUE
    CACHE 1
);


--
-- Name: config_option; Type: TABLE; Schema: public; Owner: postgres
--

CREATE TABLE public.config_option (
    id bigint NOT NULL,
    created_at timestamp with time zone NOT NULL,
    updated_at timestamp with time zone NOT NULL,
    name character varying(100) NOT NULL,
    value character varying(255),
    description text NOT NULL,
    is_active boolean NOT NULL,
    "order" integer NOT NULL,
    category_id bigint NOT NULL,
    created_by_id integer,
    updated_by_id integer,
    parent_id bigint,
    CONSTRAINT config_option_order_check CHECK (("order" >= 0))
);


ALTER TABLE public.config_option OWNER TO postgres;

--
-- Name: config_option_id_seq; Type: SEQUENCE; Schema: public; Owner: postgres
--

ALTER TABLE public.config_option ALTER COLUMN id ADD GENERATED BY DEFAULT AS IDENTITY (
    SEQUENCE NAME public.config_option_id_seq
    START WITH 1
    INCREMENT BY 1
    NO MINVALUE
    NO MAXVALUE
    CACHE 1
);


--
-- Name: django_admin_log; Type: TABLE; Schema: public; Owner: postgres
--

CREATE TABLE public.django_admin_log (
    id integer NOT NULL,
    action_time timestamp with time zone NOT NULL,
    object_id text,
    object_repr character varying(200) NOT NULL,
    action_flag smallint NOT NULL,
    change_message text NOT NULL,
    content_type_id integer,
    user_id integer NOT NULL,
    CONSTRAINT django_admin_log_action_flag_check CHECK ((action_flag >= 0))
);


ALTER TABLE public.django_admin_log OWNER TO postgres;

--
-- Name: django_admin_log_id_seq; Type: SEQUENCE; Schema: public; Owner: postgres
--

ALTER TABLE public.django_admin_log ALTER COLUMN id ADD GENERATED BY DEFAULT AS IDENTITY (
    SEQUENCE NAME public.django_admin_log_id_seq
    START WITH 1
    INCREMENT BY 1
    NO MINVALUE
    NO MAXVALUE
    CACHE 1
);


--
-- Name: django_content_type; Type: TABLE; Schema: public; Owner: postgres
--

CREATE TABLE public.django_content_type (
    id integer NOT NULL,
    app_label character varying(100) NOT NULL,
    model character varying(100) NOT NULL
);


ALTER TABLE public.django_content_type OWNER TO postgres;

--
-- Name: django_content_type_id_seq; Type: SEQUENCE; Schema: public; Owner: postgres
--

ALTER TABLE public.django_content_type ALTER COLUMN id ADD GENERATED BY DEFAULT AS IDENTITY (
    SEQUENCE NAME public.django_content_type_id_seq
    START WITH 1
    INCREMENT BY 1
    NO MINVALUE
    NO MAXVALUE
    CACHE 1
);


--
-- Name: django_migrations; Type: TABLE; Schema: public; Owner: postgres
--

CREATE TABLE public.django_migrations (
    id bigint NOT NULL,
    app character varying(255) NOT NULL,
    name character varying(255) NOT NULL,
    applied timestamp with time zone NOT NULL
);


ALTER TABLE public.django_migrations OWNER TO postgres;

--
-- Name: django_migrations_id_seq; Type: SEQUENCE; Schema: public; Owner: postgres
--

ALTER TABLE public.django_migrations ALTER COLUMN id ADD GENERATED BY DEFAULT AS IDENTITY (
    SEQUENCE NAME public.django_migrations_id_seq
    START WITH 1
    INCREMENT BY 1
    NO MINVALUE
    NO MAXVALUE
    CACHE 1
);


--
-- Name: django_session; Type: TABLE; Schema: public; Owner: postgres
--

CREATE TABLE public.django_session (
    session_key character varying(40) NOT NULL,
    session_data text NOT NULL,
    expire_date timestamp with time zone NOT NULL
);


ALTER TABLE public.django_session OWNER TO postgres;

--
-- Name: django_site; Type: TABLE; Schema: public; Owner: postgres
--

CREATE TABLE public.django_site (
    id integer NOT NULL,
    domain character varying(100) NOT NULL,
    name character varying(50) NOT NULL
);


ALTER TABLE public.django_site OWNER TO postgres;

--
-- Name: django_site_id_seq; Type: SEQUENCE; Schema: public; Owner: postgres
--

ALTER TABLE public.django_site ALTER COLUMN id ADD GENERATED BY DEFAULT AS IDENTITY (
    SEQUENCE NAME public.django_site_id_seq
    START WITH 1
    INCREMENT BY 1
    NO MINVALUE
    NO MAXVALUE
    CACHE 1
);


--
-- Name: microsoft_auth_microsoftaccount; Type: TABLE; Schema: public; Owner: postgres
--

CREATE TABLE public.microsoft_auth_microsoftaccount (
    id bigint NOT NULL,
    microsoft_id character varying(64) NOT NULL,
    user_id integer
);


ALTER TABLE public.microsoft_auth_microsoftaccount OWNER TO postgres;

--
-- Name: microsoft_auth_microsoftaccount_id_seq; Type: SEQUENCE; Schema: public; Owner: postgres
--

ALTER TABLE public.microsoft_auth_microsoftaccount ALTER COLUMN id ADD GENERATED BY DEFAULT AS IDENTITY (
    SEQUENCE NAME public.microsoft_auth_microsoftaccount_id_seq
    START WITH 1
    INCREMENT BY 1
    NO MINVALUE
    NO MAXVALUE
    CACHE 1
);


--
-- Name: microsoft_auth_xboxliveaccount; Type: TABLE; Schema: public; Owner: postgres
--

CREATE TABLE public.microsoft_auth_xboxliveaccount (
    id bigint NOT NULL,
    xbox_id character varying(32) NOT NULL,
    gamertag character varying(16) NOT NULL,
    user_id integer
);


ALTER TABLE public.microsoft_auth_xboxliveaccount OWNER TO postgres;

--
-- Name: microsoft_auth_xboxliveaccount_id_seq; Type: SEQUENCE; Schema: public; Owner: postgres
--

ALTER TABLE public.microsoft_auth_xboxliveaccount ALTER COLUMN id ADD GENERATED BY DEFAULT AS IDENTITY (
    SEQUENCE NAME public.microsoft_auth_xboxliveaccount_id_seq
    START WITH 1
    INCREMENT BY 1
    NO MINVALUE
    NO MAXVALUE
    CACHE 1
);


--
-- Name: people_customuser; Type: TABLE; Schema: public; Owner: postgres
--

CREATE TABLE public.people_customuser (
    id bigint NOT NULL,
    password character varying(128) NOT NULL,
    last_login timestamp with time zone,
    is_superuser boolean NOT NULL,
    username character varying(150) NOT NULL,
    first_name character varying(150) NOT NULL,
    last_name character varying(150) NOT NULL,
    email character varying(254) NOT NULL,
    is_staff boolean NOT NULL,
    is_active boolean NOT NULL,
    date_joined timestamp with time zone NOT NULL,
    user_type character varying(20) NOT NULL
);


ALTER TABLE public.people_customuser OWNER TO postgres;

--
-- Name: people_customuser_groups; Type: TABLE; Schema: public; Owner: postgres
--

CREATE TABLE public.people_customuser_groups (
    id bigint NOT NULL,
    customuser_id bigint NOT NULL,
    group_id integer NOT NULL
);


ALTER TABLE public.people_customuser_groups OWNER TO postgres;

--
-- Name: people_customuser_groups_id_seq; Type: SEQUENCE; Schema: public; Owner: postgres
--

ALTER TABLE public.people_customuser_groups ALTER COLUMN id ADD GENERATED BY DEFAULT AS IDENTITY (
    SEQUENCE NAME public.people_customuser_groups_id_seq
    START WITH 1
    INCREMENT BY 1
    NO MINVALUE
    NO MAXVALUE
    CACHE 1
);


--
-- Name: people_customuser_id_seq; Type: SEQUENCE; Schema: public; Owner: postgres
--

ALTER TABLE public.people_customuser ALTER COLUMN id ADD GENERATED BY DEFAULT AS IDENTITY (
    SEQUENCE NAME public.people_customuser_id_seq
    START WITH 1
    INCREMENT BY 1
    NO MINVALUE
    NO MAXVALUE
    CACHE 1
);


--
-- Name: people_customuser_user_permissions; Type: TABLE; Schema: public; Owner: postgres
--

CREATE TABLE public.people_customuser_user_permissions (
    id bigint NOT NULL,
    customuser_id bigint NOT NULL,
    permission_id integer NOT NULL
);


ALTER TABLE public.people_customuser_user_permissions OWNER TO postgres;

--
-- Name: people_customuser_user_permissions_id_seq; Type: SEQUENCE; Schema: public; Owner: postgres
--

ALTER TABLE public.people_customuser_user_permissions ALTER COLUMN id ADD GENERATED BY DEFAULT AS IDENTITY (
    SEQUENCE NAME public.people_customuser_user_permissions_id_seq
    START WITH 1
    INCREMENT BY 1
    NO MINVALUE
    NO MAXVALUE
    CACHE 1
);


--
-- Name: people_person; Type: TABLE; Schema: public; Owner: postgres
--

CREATE TABLE public.people_person (
    id bigint NOT NULL,
    first_name character varying(100) NOT NULL,
    last_name character varying(100) NOT NULL,
    date_of_birth date,
    image character varying(100),
    email character varying(254) NOT NULL,
    phone_number character varying(20) NOT NULL,
    address text NOT NULL,
    user_id bigint
);


ALTER TABLE public.people_person OWNER TO postgres;

--
-- Name: people_person_id_seq; Type: SEQUENCE; Schema: public; Owner: postgres
--

ALTER TABLE public.people_person ALTER COLUMN id ADD GENERATED BY DEFAULT AS IDENTITY (
    SEQUENCE NAME public.people_person_id_seq
    START WITH 1
    INCREMENT BY 1
    NO MINVALUE
    NO MAXVALUE
    CACHE 1
);


--
-- Name: people_relationship; Type: TABLE; Schema: public; Owner: postgres
--

CREATE TABLE public.people_relationship (
    id bigint NOT NULL,
    relationship_type character varying(20) NOT NULL,
    kontak_darurat boolean NOT NULL,
    person_id bigint NOT NULL,
    related_person_id bigint NOT NULL
);


ALTER TABLE public.people_relationship OWNER TO postgres;

--
-- Name: people_relationship_id_seq; Type: SEQUENCE; Schema: public; Owner: postgres
--

ALTER TABLE public.people_relationship ALTER COLUMN id ADD GENERATED BY DEFAULT AS IDENTITY (
    SEQUENCE NAME public.people_relationship_id_seq
    START WITH 1
    INCREMENT BY 1
    NO MINVALUE
    NO MAXVALUE
    CACHE 1
);


--
-- Name: people_speaker; Type: TABLE; Schema: public; Owner: postgres
--

CREATE TABLE public.people_speaker (
    id bigint NOT NULL,
    bio text NOT NULL,
    areas_of_expertise character varying(255) NOT NULL,
    speaking_fee numeric(10,2),
    person_id bigint NOT NULL
);


ALTER TABLE public.people_speaker OWNER TO postgres;

--
-- Name: people_speaker_id_seq; Type: SEQUENCE; Schema: public; Owner: postgres
--

ALTER TABLE public.people_speaker ALTER COLUMN id ADD GENERATED BY DEFAULT AS IDENTITY (
    SEQUENCE NAME public.people_speaker_id_seq
    START WITH 1
    INCREMENT BY 1
    NO MINVALUE
    NO MAXVALUE
    CACHE 1
);


--
-- Name: people_staff; Type: TABLE; Schema: public; Owner: postgres
--

CREATE TABLE public.people_staff (
    id bigint NOT NULL,
    employee_id character varying(20) NOT NULL,
    department character varying(100) NOT NULL,
    "position" character varying(100) NOT NULL,
    hire_date date NOT NULL,
    person_id bigint NOT NULL
);


ALTER TABLE public.people_staff OWNER TO postgres;

--
-- Name: people_staff_id_seq; Type: SEQUENCE; Schema: public; Owner: postgres
--

ALTER TABLE public.people_staff ALTER COLUMN id ADD GENERATED BY DEFAULT AS IDENTITY (
    SEQUENCE NAME public.people_staff_id_seq
    START WITH 1
    INCREMENT BY 1
    NO MINVALUE
    NO MAXVALUE
    CACHE 1
);


--
-- Name: people_writer; Type: TABLE; Schema: public; Owner: postgres
--

CREATE TABLE public.people_writer (
    id bigint NOT NULL,
    genre character varying(100) NOT NULL,
    publications text NOT NULL,
    person_id bigint NOT NULL
);


ALTER TABLE public.people_writer OWNER TO postgres;

--
-- Name: people_writer_id_seq; Type: SEQUENCE; Schema: public; Owner: postgres
--

ALTER TABLE public.people_writer ALTER COLUMN id ADD GENERATED BY DEFAULT AS IDENTITY (
    SEQUENCE NAME public.people_writer_id_seq
    START WITH 1
    INCREMENT BY 1
    NO MINVALUE
    NO MAXVALUE
    CACHE 1
);


--
-- Name: tools_analyticsvisitordata; Type: TABLE; Schema: public; Owner: postgres
--

CREATE TABLE public.tools_analyticsvisitordata (
    id bigint NOT NULL,
    "timestamp" timestamp with time zone NOT NULL,
    source character varying(255) NOT NULL,
    device character varying(100) NOT NULL,
    browser character varying(100) NOT NULL,
    os character varying(100) NOT NULL,
    country character varying(100) NOT NULL,
    ip_address inet NOT NULL
);


ALTER TABLE public.tools_analyticsvisitordata OWNER TO postgres;

--
-- Name: tools_analyticsvisitordata_id_seq; Type: SEQUENCE; Schema: public; Owner: postgres
--

ALTER TABLE public.tools_analyticsvisitordata ALTER COLUMN id ADD GENERATED BY DEFAULT AS IDENTITY (
    SEQUENCE NAME public.tools_analyticsvisitordata_id_seq
    START WITH 1
    INCREMENT BY 1
    NO MINVALUE
    NO MAXVALUE
    CACHE 1
);


--
-- Data for Name: auth_group; Type: TABLE DATA; Schema: public; Owner: postgres
--

COPY public.auth_group (id, name) FROM stdin;
\.


--
-- Data for Name: auth_group_permissions; Type: TABLE DATA; Schema: public; Owner: postgres
--

COPY public.auth_group_permissions (id, group_id, permission_id) FROM stdin;
\.


--
-- Data for Name: auth_permission; Type: TABLE DATA; Schema: public; Owner: postgres
--

COPY public.auth_permission (id, name, content_type_id, codename) FROM stdin;
1	Can add log entry	1	add_logentry
2	Can change log entry	1	change_logentry
3	Can delete log entry	1	delete_logentry
4	Can view log entry	1	view_logentry
5	Can add permission	2	add_permission
6	Can change permission	2	change_permission
7	Can delete permission	2	delete_permission
8	Can view permission	2	view_permission
9	Can add group	3	add_group
10	Can change group	3	change_group
11	Can delete group	3	delete_group
12	Can view group	3	view_group
13	Can add user	4	add_user
14	Can change user	4	change_user
15	Can delete user	4	delete_user
16	Can view user	4	view_user
17	Can add content type	5	add_contenttype
18	Can change content type	5	change_contenttype
19	Can delete content type	5	delete_contenttype
20	Can view content type	5	view_contenttype
21	Can add session	6	add_session
22	Can change session	6	change_session
23	Can delete session	6	delete_session
24	Can view session	6	view_session
25	Can add site	7	add_site
26	Can change site	7	change_site
27	Can delete site	7	delete_site
28	Can view site	7	view_site
29	Can add microsoft account	8	add_microsoftaccount
30	Can change microsoft account	8	change_microsoftaccount
31	Can delete microsoft account	8	delete_microsoftaccount
32	Can view microsoft account	8	view_microsoftaccount
33	Can add xbox live account	9	add_xboxliveaccount
34	Can change xbox live account	9	change_xboxliveaccount
35	Can delete xbox live account	9	delete_xboxliveaccount
36	Can view xbox live account	9	view_xboxliveaccount
37	Can add Option	10	add_option
38	Can change Option	10	change_option
39	Can delete Option	10	delete_option
40	Can view Option	10	view_option
41	Can add Category	11	add_category
42	Can change Category	11	change_category
43	Can delete Category	11	delete_category
44	Can view Category	11	view_category
45	Can add person	12	add_person
46	Can change person	12	change_person
47	Can delete person	12	delete_person
48	Can view person	12	view_person
49	Can add custom user	13	add_customuser
50	Can change custom user	13	change_customuser
51	Can delete custom user	13	delete_customuser
52	Can view custom user	13	view_customuser
53	Can add speaker	14	add_speaker
54	Can change speaker	14	change_speaker
55	Can delete speaker	14	delete_speaker
56	Can view speaker	14	view_speaker
57	Can add relationship	15	add_relationship
58	Can change relationship	15	change_relationship
59	Can delete relationship	15	delete_relationship
60	Can view relationship	15	view_relationship
61	Can add writer	16	add_writer
62	Can change writer	16	change_writer
63	Can delete writer	16	delete_writer
64	Can view writer	16	view_writer
65	Can add staff	17	add_staff
66	Can change staff	17	change_staff
67	Can delete staff	17	delete_staff
68	Can view staff	17	view_staff
69	Can add organization	18	add_organization
70	Can change organization	18	change_organization
71	Can delete organization	18	delete_organization
72	Can view organization	18	view_organization
73	Can add analytics visitor data	19	add_analyticsvisitordata
74	Can change analytics visitor data	19	change_analyticsvisitordata
75	Can delete analytics visitor data	19	delete_analyticsvisitordata
76	Can view analytics visitor data	19	view_analyticsvisitordata
\.


--
-- Data for Name: auth_user; Type: TABLE DATA; Schema: public; Owner: postgres
--

COPY public.auth_user (id, password, last_login, is_superuser, username, first_name, last_name, email, is_staff, is_active, date_joined) FROM stdin;
2		2024-10-07 11:48:56.176261+07	f	csis@csis.or.id	CSIS	Indonesia	csis@csis.or.id	f	t	2024-10-07 11:48:56.172261+07
1	pbkdf2_sha256$870000$tPK31QAi45vGp4FZTO4jfU$musRKGzHcjIbC5mwkAM2AAC53pmdm/5gqUsqJ11P7oM=	2024-10-07 12:24:02.281582+07	t	admin.csis	Nuroji	Lukmansyah	dev@csis.or.id	t	t	2024-10-07 11:17:04.24984+07
\.


--
-- Data for Name: auth_user_groups; Type: TABLE DATA; Schema: public; Owner: postgres
--

COPY public.auth_user_groups (id, user_id, group_id) FROM stdin;
\.


--
-- Data for Name: auth_user_user_permissions; Type: TABLE DATA; Schema: public; Owner: postgres
--

COPY public.auth_user_user_permissions (id, user_id, permission_id) FROM stdin;
\.


--
-- Data for Name: config_category; Type: TABLE DATA; Schema: public; Owner: postgres
--

COPY public.config_category (id, created_at, updated_at, name, description, is_active, created_by_id, updated_by_id) FROM stdin;
1	2024-10-07 12:25:02.593228+07	2024-10-07 12:25:02.593228+07	User Category		t	1	1
2	2024-10-09 12:32:22.904454+07	2024-10-09 12:35:20.63827+07	Status Karyawan		t	1	1
3	2024-10-09 12:37:43.721722+07	2024-10-09 12:37:43.721722+07	Department		t	1	1
\.


--
-- Data for Name: config_option; Type: TABLE DATA; Schema: public; Owner: postgres
--

COPY public.config_option (id, created_at, updated_at, name, value, description, is_active, "order", category_id, created_by_id, updated_by_id, parent_id) FROM stdin;
1	2024-10-07 12:26:03.693403+07	2024-10-07 12:26:08.017831+07	Staff	\N		t	1	1	1	1	\N
3	2024-10-09 12:32:51.449328+07	2024-10-09 12:32:51.449328+07	Intern	\N		t	0	2	1	1	\N
4	2024-10-09 12:33:35.627879+07	2024-10-09 12:33:35.627879+07	Kontrak	\N		t	0	2	1	1	\N
2	2024-10-09 12:32:42.459982+07	2024-10-09 12:33:47.623616+07	Karyawan Tetap	\N		t	0	2	1	1	\N
5	2024-10-09 12:36:20.425853+07	2024-10-09 12:36:20.425853+07	Intern	\N		t	0	1	1	1	\N
6	2024-10-09 12:36:49.353137+07	2024-10-09 12:36:49.353137+07	Research Partner	\N		t	0	1	1	1	\N
7	2024-10-09 12:38:00.088293+07	2024-10-09 12:38:00.088293+07	Knowledge Management	\N		t	0	3	1	1	\N
8	2024-10-09 12:38:11.515874+07	2024-10-09 12:38:11.515874+07	Economics	\N		t	0	3	1	1	\N
9	2024-10-09 12:38:26.102991+07	2024-10-09 12:38:26.102991+07	Politics and Social Changes	\N		t	0	3	1	1	\N
10	2024-10-09 12:38:39.0062+07	2024-10-09 12:38:39.0062+07	International Realtions	\N		t	0	3	1	1	\N
11	2024-10-09 12:39:57.258863+07	2024-10-09 12:39:57.258863+07	Disaster Management	\N		t	0	3	1	1	\N
\.


--
-- Data for Name: django_admin_log; Type: TABLE DATA; Schema: public; Owner: postgres
--

COPY public.django_admin_log (id, action_time, object_id, object_repr, action_flag, change_message, content_type_id, user_id) FROM stdin;
1	2024-10-07 11:17:39.509591+07	1	localhost	2	[{"changed": {"fields": ["Domain name", "Display name"]}}]	7	1
2	2024-10-07 11:45:25.788906+07	1	localhost:8000	2	[{"changed": {"fields": ["Domain name"]}}]	7	1
3	2024-10-07 12:25:02.594625+07	1	User Category	1	[{"added": {}}]	11	1
4	2024-10-07 12:26:03.695411+07	1	User Category - Staff	1	[{"added": {}}]	10	1
5	2024-10-07 12:26:08.018841+07	1	User Category - Staff	2	[{"changed": {"fields": ["Value"]}}]	10	1
6	2024-10-09 12:32:22.909422+07	2	Staff Contract Categories	1	[{"added": {}}]	11	1
7	2024-10-09 12:32:42.460985+07	2	Staff Contract Categories - Contract	1	[{"added": {}}]	10	1
8	2024-10-09 12:32:51.450308+07	3	Staff Contract Categories - Intern	1	[{"added": {}}]	10	1
9	2024-10-09 12:33:35.628878+07	4	Staff Contract Categories - Kontrak	1	[{"added": {}}]	10	1
10	2024-10-09 12:33:47.625629+07	2	Staff Contract Categories - Karyawan Tetap	2	[{"changed": {"fields": ["Name"]}}]	10	1
11	2024-10-09 12:35:20.6403+07	2	Status Karyawan	2	[{"changed": {"fields": ["Name"]}}]	11	1
12	2024-10-09 12:36:20.426262+07	5	User Category - Intern	1	[{"added": {}}]	10	1
13	2024-10-09 12:36:49.354166+07	6	User Category - Research Partner	1	[{"added": {}}]	10	1
14	2024-10-09 12:37:43.722722+07	3	Department	1	[{"added": {}}]	11	1
15	2024-10-09 12:38:00.089293+07	7	Department - Knowledge Management	1	[{"added": {}}]	10	1
16	2024-10-09 12:38:11.516208+07	8	Department - Economics	1	[{"added": {}}]	10	1
17	2024-10-09 12:38:26.104001+07	9	Department - Politics and Social Changes	1	[{"added": {}}]	10	1
18	2024-10-09 12:38:39.0062+07	10	Department - International Realtions	1	[{"added": {}}]	10	1
19	2024-10-09 12:39:57.258863+07	11	Department - Disaster Management	1	[{"added": {}}]	10	1
\.


--
-- Data for Name: django_content_type; Type: TABLE DATA; Schema: public; Owner: postgres
--

COPY public.django_content_type (id, app_label, model) FROM stdin;
1	admin	logentry
2	auth	permission
3	auth	group
4	auth	user
5	contenttypes	contenttype
6	sessions	session
7	sites	site
8	microsoft_auth	microsoftaccount
9	microsoft_auth	xboxliveaccount
10	config	option
11	config	category
12	people	person
13	people	customuser
14	people	speaker
15	people	relationship
16	people	writer
17	people	staff
18	people	organization
19	tools	analyticsvisitordata
\.


--
-- Data for Name: django_migrations; Type: TABLE DATA; Schema: public; Owner: postgres
--

COPY public.django_migrations (id, app, name, applied) FROM stdin;
1	contenttypes	0001_initial	2024-10-07 10:06:24.521494+07
2	auth	0001_initial	2024-10-07 10:06:24.559529+07
3	admin	0001_initial	2024-10-07 10:06:24.572537+07
4	admin	0002_logentry_remove_auto_add	2024-10-07 10:06:24.587537+07
5	admin	0003_logentry_add_action_flag_choices	2024-10-07 10:06:24.592536+07
6	contenttypes	0002_remove_content_type_name	2024-10-07 10:06:24.602941+07
7	auth	0002_alter_permission_name_max_length	2024-10-07 10:06:24.607944+07
8	auth	0003_alter_user_email_max_length	2024-10-07 10:06:24.612973+07
9	auth	0004_alter_user_username_opts	2024-10-07 10:06:24.616954+07
10	auth	0005_alter_user_last_login_null	2024-10-07 10:06:24.622955+07
11	auth	0006_require_contenttypes_0002	2024-10-07 10:06:24.623923+07
12	auth	0007_alter_validators_add_error_messages	2024-10-07 10:06:24.627921+07
13	auth	0008_alter_user_username_max_length	2024-10-07 10:06:24.635819+07
14	auth	0009_alter_user_last_name_max_length	2024-10-07 10:06:24.640829+07
15	auth	0010_alter_group_name_max_length	2024-10-07 10:06:24.646613+07
16	auth	0011_update_proxy_permissions	2024-10-07 10:06:24.650364+07
17	auth	0012_alter_user_first_name_max_length	2024-10-07 10:06:24.655873+07
18	sessions	0001_initial	2024-10-07 10:06:24.662872+07
19	sites	0001_initial	2024-10-07 10:06:24.665873+07
20	sites	0002_alter_domain_unique	2024-10-07 10:06:24.668872+07
21	microsoft_auth	0001_initial	2024-10-07 10:18:57.189784+07
22	microsoft_auth	0002_fix_microsoft_id_length	2024-10-07 10:18:57.195906+07
23	microsoft_auth	0003_microsoft_id_openid	2024-10-07 10:18:57.201905+07
24	microsoft_auth	0004_alter_microsoftaccount_id_alter_xboxliveaccount_id	2024-10-07 10:18:57.225359+07
25	config	0001_initial	2024-10-07 12:22:28.894654+07
26	config	0002_alter_option_value	2024-10-07 12:26:00.289253+07
27	people	0001_initial	2024-10-07 14:04:20.165206+07
28	tools	0001_initial	2024-10-09 11:27:38.349981+07
29	config	0003_option_parent	2024-10-09 12:39:12.509047+07
\.


--
-- Data for Name: django_session; Type: TABLE DATA; Schema: public; Owner: postgres
--

COPY public.django_session (session_key, session_data, expire_date) FROM stdin;
b39rg5caua7ldrqnkbpq770h3qduaans	.eJxVzEEOwiAQheG7sDZNOwNC3eneM5AZCoEYISl0Zby7aGqi2__Lew9haWvRbtWvNi3iJEAcfhuTu_n8hntya6kltI8OO9Th-u3nnn1uyVFLJV_24d9bpBr7FQMHAKO9HMlMMypPwJK0ZpSyC46IMxFP0jkySrFy6ohSL4wGAYJ4vgCpYT1U:1sxfg0:YhagnL3jh3XxvRrHkqYmFSjgZXcp5S9_hwrKCvp0D98	2024-10-21 11:48:56.179263+07
7b1uivgl4uf17w5vckq5qzsnkhkygkt0	.eJxVjEsOwiAUAO_C2jRAeQXc2b1nIO_xCcRIk0JXxrtbTU10O5OZB3O49ey2FldXAjszwU6_jNDfYn2Le_Hr0pbUP3Y4RBuuX37Zcay9eOxlqfMR_t0ytryvAAjGkEaP3AiLknAC461SIZogUZtEerIEnEeExLW1SnLicpRAUtjAni-3BT1n:1sxfgf:q0mwe4sxOK_MMV9ac5ZJabbtXBgSRIkYH0kOY74Mkyk	2024-10-21 11:49:37.157679+07
cf2j3wqaki2s7cs3ok3fkuhd7jga0ahi	.eJxVjEsKAjEQBe-StQzmZ6I73XuG0N3pkCBmYJJZiXc3ygjK21Xx6iECrD2HtfESShQnIcXulyHQjetb3Astc5tT_9hpE226fvl5YK69EPQy18t2_KtlaHmknGJLyexRK9TWYdLsSRnyzF5hTGRiOnhpY2R2oBlsOgJi9GhQjonnC-NBP6Y:1sxiVC:5CeRh8S6CEu3mqAd11raFOQg3qVRfo9XdLm7gPIg6Uo	2024-10-21 14:49:58.031108+07
\.


--
-- Data for Name: django_site; Type: TABLE DATA; Schema: public; Owner: postgres
--

COPY public.django_site (id, domain, name) FROM stdin;
1	localhost:8000	localhost
\.


--
-- Data for Name: microsoft_auth_microsoftaccount; Type: TABLE DATA; Schema: public; Owner: postgres
--

COPY public.microsoft_auth_microsoftaccount (id, microsoft_id, user_id) FROM stdin;
1	7rTnALFcX4QSnpBBlqGEWGFca98kbrDZ6sK0giBb9z0	2
2	mk7NNLGarnumwVTW2UO-_sitPN9siLY1NP8tADM8PEU	1
\.


--
-- Data for Name: microsoft_auth_xboxliveaccount; Type: TABLE DATA; Schema: public; Owner: postgres
--

COPY public.microsoft_auth_xboxliveaccount (id, xbox_id, gamertag, user_id) FROM stdin;
\.


--
-- Data for Name: people_customuser; Type: TABLE DATA; Schema: public; Owner: postgres
--

COPY public.people_customuser (id, password, last_login, is_superuser, username, first_name, last_name, email, is_staff, is_active, date_joined, user_type) FROM stdin;
1	pbkdf2_sha256$870000$vg6Jp3mYIlh4AkByHO2rg4$eL9k1uQfBGfNgFg4cpi08RTNzEwxFuaglM5i3iy5B5A=	2024-10-07 14:49:57.919593+07	t	admin.csis			dev@csis.or.id	t	t	2024-10-07 14:08:43.438822+07	
\.


--
-- Data for Name: people_customuser_groups; Type: TABLE DATA; Schema: public; Owner: postgres
--

COPY public.people_customuser_groups (id, customuser_id, group_id) FROM stdin;
\.


--
-- Data for Name: people_customuser_user_permissions; Type: TABLE DATA; Schema: public; Owner: postgres
--

COPY public.people_customuser_user_permissions (id, customuser_id, permission_id) FROM stdin;
\.


--
-- Data for Name: people_person; Type: TABLE DATA; Schema: public; Owner: postgres
--

COPY public.people_person (id, first_name, last_name, date_of_birth, image, email, phone_number, address, user_id) FROM stdin;
\.


--
-- Data for Name: people_relationship; Type: TABLE DATA; Schema: public; Owner: postgres
--

COPY public.people_relationship (id, relationship_type, kontak_darurat, person_id, related_person_id) FROM stdin;
\.


--
-- Data for Name: people_speaker; Type: TABLE DATA; Schema: public; Owner: postgres
--

COPY public.people_speaker (id, bio, areas_of_expertise, speaking_fee, person_id) FROM stdin;
\.


--
-- Data for Name: people_staff; Type: TABLE DATA; Schema: public; Owner: postgres
--

COPY public.people_staff (id, employee_id, department, "position", hire_date, person_id) FROM stdin;
\.


--
-- Data for Name: people_writer; Type: TABLE DATA; Schema: public; Owner: postgres
--

COPY public.people_writer (id, genre, publications, person_id) FROM stdin;
\.


--
-- Data for Name: tools_analyticsvisitordata; Type: TABLE DATA; Schema: public; Owner: postgres
--

COPY public.tools_analyticsvisitordata (id, "timestamp", source, device, browser, os, country, ip_address) FROM stdin;
\.


--
-- Name: auth_group_id_seq; Type: SEQUENCE SET; Schema: public; Owner: postgres
--

SELECT pg_catalog.setval('public.auth_group_id_seq', 1, false);


--
-- Name: auth_group_permissions_id_seq; Type: SEQUENCE SET; Schema: public; Owner: postgres
--

SELECT pg_catalog.setval('public.auth_group_permissions_id_seq', 1, false);


--
-- Name: auth_permission_id_seq; Type: SEQUENCE SET; Schema: public; Owner: postgres
--

SELECT pg_catalog.setval('public.auth_permission_id_seq', 76, true);


--
-- Name: auth_user_groups_id_seq; Type: SEQUENCE SET; Schema: public; Owner: postgres
--

SELECT pg_catalog.setval('public.auth_user_groups_id_seq', 1, false);


--
-- Name: auth_user_id_seq; Type: SEQUENCE SET; Schema: public; Owner: postgres
--

SELECT pg_catalog.setval('public.auth_user_id_seq', 2, true);


--
-- Name: auth_user_user_permissions_id_seq; Type: SEQUENCE SET; Schema: public; Owner: postgres
--

SELECT pg_catalog.setval('public.auth_user_user_permissions_id_seq', 1, false);


--
-- Name: config_category_id_seq; Type: SEQUENCE SET; Schema: public; Owner: postgres
--

SELECT pg_catalog.setval('public.config_category_id_seq', 3, true);


--
-- Name: config_option_id_seq; Type: SEQUENCE SET; Schema: public; Owner: postgres
--

SELECT pg_catalog.setval('public.config_option_id_seq', 11, true);


--
-- Name: django_admin_log_id_seq; Type: SEQUENCE SET; Schema: public; Owner: postgres
--

SELECT pg_catalog.setval('public.django_admin_log_id_seq', 19, true);


--
-- Name: django_content_type_id_seq; Type: SEQUENCE SET; Schema: public; Owner: postgres
--

SELECT pg_catalog.setval('public.django_content_type_id_seq', 19, true);


--
-- Name: django_migrations_id_seq; Type: SEQUENCE SET; Schema: public; Owner: postgres
--

SELECT pg_catalog.setval('public.django_migrations_id_seq', 29, true);


--
-- Name: django_site_id_seq; Type: SEQUENCE SET; Schema: public; Owner: postgres
--

SELECT pg_catalog.setval('public.django_site_id_seq', 1, true);


--
-- Name: microsoft_auth_microsoftaccount_id_seq; Type: SEQUENCE SET; Schema: public; Owner: postgres
--

SELECT pg_catalog.setval('public.microsoft_auth_microsoftaccount_id_seq', 2, true);


--
-- Name: microsoft_auth_xboxliveaccount_id_seq; Type: SEQUENCE SET; Schema: public; Owner: postgres
--

SELECT pg_catalog.setval('public.microsoft_auth_xboxliveaccount_id_seq', 1, false);


--
-- Name: people_customuser_groups_id_seq; Type: SEQUENCE SET; Schema: public; Owner: postgres
--

SELECT pg_catalog.setval('public.people_customuser_groups_id_seq', 1, false);


--
-- Name: people_customuser_id_seq; Type: SEQUENCE SET; Schema: public; Owner: postgres
--

SELECT pg_catalog.setval('public.people_customuser_id_seq', 1, true);


--
-- Name: people_customuser_user_permissions_id_seq; Type: SEQUENCE SET; Schema: public; Owner: postgres
--

SELECT pg_catalog.setval('public.people_customuser_user_permissions_id_seq', 1, false);


--
-- Name: people_person_id_seq; Type: SEQUENCE SET; Schema: public; Owner: postgres
--

SELECT pg_catalog.setval('public.people_person_id_seq', 1, false);


--
-- Name: people_relationship_id_seq; Type: SEQUENCE SET; Schema: public; Owner: postgres
--

SELECT pg_catalog.setval('public.people_relationship_id_seq', 1, false);


--
-- Name: people_speaker_id_seq; Type: SEQUENCE SET; Schema: public; Owner: postgres
--

SELECT pg_catalog.setval('public.people_speaker_id_seq', 1, false);


--
-- Name: people_staff_id_seq; Type: SEQUENCE SET; Schema: public; Owner: postgres
--

SELECT pg_catalog.setval('public.people_staff_id_seq', 1, false);


--
-- Name: people_writer_id_seq; Type: SEQUENCE SET; Schema: public; Owner: postgres
--

SELECT pg_catalog.setval('public.people_writer_id_seq', 1, false);


--
-- Name: tools_analyticsvisitordata_id_seq; Type: SEQUENCE SET; Schema: public; Owner: postgres
--

SELECT pg_catalog.setval('public.tools_analyticsvisitordata_id_seq', 1, false);


--
-- Name: auth_group auth_group_name_key; Type: CONSTRAINT; Schema: public; Owner: postgres
--

ALTER TABLE ONLY public.auth_group
    ADD CONSTRAINT auth_group_name_key UNIQUE (name);


--
-- Name: auth_group_permissions auth_group_permissions_group_id_permission_id_0cd325b0_uniq; Type: CONSTRAINT; Schema: public; Owner: postgres
--

ALTER TABLE ONLY public.auth_group_permissions
    ADD CONSTRAINT auth_group_permissions_group_id_permission_id_0cd325b0_uniq UNIQUE (group_id, permission_id);


--
-- Name: auth_group_permissions auth_group_permissions_pkey; Type: CONSTRAINT; Schema: public; Owner: postgres
--

ALTER TABLE ONLY public.auth_group_permissions
    ADD CONSTRAINT auth_group_permissions_pkey PRIMARY KEY (id);


--
-- Name: auth_group auth_group_pkey; Type: CONSTRAINT; Schema: public; Owner: postgres
--

ALTER TABLE ONLY public.auth_group
    ADD CONSTRAINT auth_group_pkey PRIMARY KEY (id);


--
-- Name: auth_permission auth_permission_content_type_id_codename_01ab375a_uniq; Type: CONSTRAINT; Schema: public; Owner: postgres
--

ALTER TABLE ONLY public.auth_permission
    ADD CONSTRAINT auth_permission_content_type_id_codename_01ab375a_uniq UNIQUE (content_type_id, codename);


--
-- Name: auth_permission auth_permission_pkey; Type: CONSTRAINT; Schema: public; Owner: postgres
--

ALTER TABLE ONLY public.auth_permission
    ADD CONSTRAINT auth_permission_pkey PRIMARY KEY (id);


--
-- Name: auth_user_groups auth_user_groups_pkey; Type: CONSTRAINT; Schema: public; Owner: postgres
--

ALTER TABLE ONLY public.auth_user_groups
    ADD CONSTRAINT auth_user_groups_pkey PRIMARY KEY (id);


--
-- Name: auth_user_groups auth_user_groups_user_id_group_id_94350c0c_uniq; Type: CONSTRAINT; Schema: public; Owner: postgres
--

ALTER TABLE ONLY public.auth_user_groups
    ADD CONSTRAINT auth_user_groups_user_id_group_id_94350c0c_uniq UNIQUE (user_id, group_id);


--
-- Name: auth_user auth_user_pkey; Type: CONSTRAINT; Schema: public; Owner: postgres
--

ALTER TABLE ONLY public.auth_user
    ADD CONSTRAINT auth_user_pkey PRIMARY KEY (id);


--
-- Name: auth_user_user_permissions auth_user_user_permissions_pkey; Type: CONSTRAINT; Schema: public; Owner: postgres
--

ALTER TABLE ONLY public.auth_user_user_permissions
    ADD CONSTRAINT auth_user_user_permissions_pkey PRIMARY KEY (id);


--
-- Name: auth_user_user_permissions auth_user_user_permissions_user_id_permission_id_14a6b632_uniq; Type: CONSTRAINT; Schema: public; Owner: postgres
--

ALTER TABLE ONLY public.auth_user_user_permissions
    ADD CONSTRAINT auth_user_user_permissions_user_id_permission_id_14a6b632_uniq UNIQUE (user_id, permission_id);


--
-- Name: auth_user auth_user_username_key; Type: CONSTRAINT; Schema: public; Owner: postgres
--

ALTER TABLE ONLY public.auth_user
    ADD CONSTRAINT auth_user_username_key UNIQUE (username);


--
-- Name: config_category config_category_name_key; Type: CONSTRAINT; Schema: public; Owner: postgres
--

ALTER TABLE ONLY public.config_category
    ADD CONSTRAINT config_category_name_key UNIQUE (name);


--
-- Name: config_category config_category_pkey; Type: CONSTRAINT; Schema: public; Owner: postgres
--

ALTER TABLE ONLY public.config_category
    ADD CONSTRAINT config_category_pkey PRIMARY KEY (id);


--
-- Name: config_option config_option_category_id_name_18770eed_uniq; Type: CONSTRAINT; Schema: public; Owner: postgres
--

ALTER TABLE ONLY public.config_option
    ADD CONSTRAINT config_option_category_id_name_18770eed_uniq UNIQUE (category_id, name);


--
-- Name: config_option config_option_pkey; Type: CONSTRAINT; Schema: public; Owner: postgres
--

ALTER TABLE ONLY public.config_option
    ADD CONSTRAINT config_option_pkey PRIMARY KEY (id);


--
-- Name: django_admin_log django_admin_log_pkey; Type: CONSTRAINT; Schema: public; Owner: postgres
--

ALTER TABLE ONLY public.django_admin_log
    ADD CONSTRAINT django_admin_log_pkey PRIMARY KEY (id);


--
-- Name: django_content_type django_content_type_app_label_model_76bd3d3b_uniq; Type: CONSTRAINT; Schema: public; Owner: postgres
--

ALTER TABLE ONLY public.django_content_type
    ADD CONSTRAINT django_content_type_app_label_model_76bd3d3b_uniq UNIQUE (app_label, model);


--
-- Name: django_content_type django_content_type_pkey; Type: CONSTRAINT; Schema: public; Owner: postgres
--

ALTER TABLE ONLY public.django_content_type
    ADD CONSTRAINT django_content_type_pkey PRIMARY KEY (id);


--
-- Name: django_migrations django_migrations_pkey; Type: CONSTRAINT; Schema: public; Owner: postgres
--

ALTER TABLE ONLY public.django_migrations
    ADD CONSTRAINT django_migrations_pkey PRIMARY KEY (id);


--
-- Name: django_session django_session_pkey; Type: CONSTRAINT; Schema: public; Owner: postgres
--

ALTER TABLE ONLY public.django_session
    ADD CONSTRAINT django_session_pkey PRIMARY KEY (session_key);


--
-- Name: django_site django_site_domain_a2e37b91_uniq; Type: CONSTRAINT; Schema: public; Owner: postgres
--

ALTER TABLE ONLY public.django_site
    ADD CONSTRAINT django_site_domain_a2e37b91_uniq UNIQUE (domain);


--
-- Name: django_site django_site_pkey; Type: CONSTRAINT; Schema: public; Owner: postgres
--

ALTER TABLE ONLY public.django_site
    ADD CONSTRAINT django_site_pkey PRIMARY KEY (id);


--
-- Name: microsoft_auth_microsoftaccount microsoft_auth_microsoftaccount_pkey; Type: CONSTRAINT; Schema: public; Owner: postgres
--

ALTER TABLE ONLY public.microsoft_auth_microsoftaccount
    ADD CONSTRAINT microsoft_auth_microsoftaccount_pkey PRIMARY KEY (id);


--
-- Name: microsoft_auth_microsoftaccount microsoft_auth_microsoftaccount_user_id_key; Type: CONSTRAINT; Schema: public; Owner: postgres
--

ALTER TABLE ONLY public.microsoft_auth_microsoftaccount
    ADD CONSTRAINT microsoft_auth_microsoftaccount_user_id_key UNIQUE (user_id);


--
-- Name: microsoft_auth_xboxliveaccount microsoft_auth_xboxliveaccount_pkey; Type: CONSTRAINT; Schema: public; Owner: postgres
--

ALTER TABLE ONLY public.microsoft_auth_xboxliveaccount
    ADD CONSTRAINT microsoft_auth_xboxliveaccount_pkey PRIMARY KEY (id);


--
-- Name: microsoft_auth_xboxliveaccount microsoft_auth_xboxliveaccount_user_id_key; Type: CONSTRAINT; Schema: public; Owner: postgres
--

ALTER TABLE ONLY public.microsoft_auth_xboxliveaccount
    ADD CONSTRAINT microsoft_auth_xboxliveaccount_user_id_key UNIQUE (user_id);


--
-- Name: microsoft_auth_xboxliveaccount microsoft_auth_xboxliveaccount_xbox_id_key; Type: CONSTRAINT; Schema: public; Owner: postgres
--

ALTER TABLE ONLY public.microsoft_auth_xboxliveaccount
    ADD CONSTRAINT microsoft_auth_xboxliveaccount_xbox_id_key UNIQUE (xbox_id);


--
-- Name: people_customuser_groups people_customuser_groups_customuser_id_group_id_66a351b8_uniq; Type: CONSTRAINT; Schema: public; Owner: postgres
--

ALTER TABLE ONLY public.people_customuser_groups
    ADD CONSTRAINT people_customuser_groups_customuser_id_group_id_66a351b8_uniq UNIQUE (customuser_id, group_id);


--
-- Name: people_customuser_groups people_customuser_groups_pkey; Type: CONSTRAINT; Schema: public; Owner: postgres
--

ALTER TABLE ONLY public.people_customuser_groups
    ADD CONSTRAINT people_customuser_groups_pkey PRIMARY KEY (id);


--
-- Name: people_customuser people_customuser_pkey; Type: CONSTRAINT; Schema: public; Owner: postgres
--

ALTER TABLE ONLY public.people_customuser
    ADD CONSTRAINT people_customuser_pkey PRIMARY KEY (id);


--
-- Name: people_customuser_user_permissions people_customuser_user_p_customuser_id_permission_c7164069_uniq; Type: CONSTRAINT; Schema: public; Owner: postgres
--

ALTER TABLE ONLY public.people_customuser_user_permissions
    ADD CONSTRAINT people_customuser_user_p_customuser_id_permission_c7164069_uniq UNIQUE (customuser_id, permission_id);


--
-- Name: people_customuser_user_permissions people_customuser_user_permissions_pkey; Type: CONSTRAINT; Schema: public; Owner: postgres
--

ALTER TABLE ONLY public.people_customuser_user_permissions
    ADD CONSTRAINT people_customuser_user_permissions_pkey PRIMARY KEY (id);


--
-- Name: people_customuser people_customuser_username_key; Type: CONSTRAINT; Schema: public; Owner: postgres
--

ALTER TABLE ONLY public.people_customuser
    ADD CONSTRAINT people_customuser_username_key UNIQUE (username);


--
-- Name: people_person people_person_email_key; Type: CONSTRAINT; Schema: public; Owner: postgres
--

ALTER TABLE ONLY public.people_person
    ADD CONSTRAINT people_person_email_key UNIQUE (email);


--
-- Name: people_person people_person_pkey; Type: CONSTRAINT; Schema: public; Owner: postgres
--

ALTER TABLE ONLY public.people_person
    ADD CONSTRAINT people_person_pkey PRIMARY KEY (id);


--
-- Name: people_person people_person_user_id_key; Type: CONSTRAINT; Schema: public; Owner: postgres
--

ALTER TABLE ONLY public.people_person
    ADD CONSTRAINT people_person_user_id_key UNIQUE (user_id);


--
-- Name: people_relationship people_relationship_pkey; Type: CONSTRAINT; Schema: public; Owner: postgres
--

ALTER TABLE ONLY public.people_relationship
    ADD CONSTRAINT people_relationship_pkey PRIMARY KEY (id);


--
-- Name: people_speaker people_speaker_person_id_key; Type: CONSTRAINT; Schema: public; Owner: postgres
--

ALTER TABLE ONLY public.people_speaker
    ADD CONSTRAINT people_speaker_person_id_key UNIQUE (person_id);


--
-- Name: people_speaker people_speaker_pkey; Type: CONSTRAINT; Schema: public; Owner: postgres
--

ALTER TABLE ONLY public.people_speaker
    ADD CONSTRAINT people_speaker_pkey PRIMARY KEY (id);


--
-- Name: people_staff people_staff_employee_id_key; Type: CONSTRAINT; Schema: public; Owner: postgres
--

ALTER TABLE ONLY public.people_staff
    ADD CONSTRAINT people_staff_employee_id_key UNIQUE (employee_id);


--
-- Name: people_staff people_staff_person_id_key; Type: CONSTRAINT; Schema: public; Owner: postgres
--

ALTER TABLE ONLY public.people_staff
    ADD CONSTRAINT people_staff_person_id_key UNIQUE (person_id);


--
-- Name: people_staff people_staff_pkey; Type: CONSTRAINT; Schema: public; Owner: postgres
--

ALTER TABLE ONLY public.people_staff
    ADD CONSTRAINT people_staff_pkey PRIMARY KEY (id);


--
-- Name: people_writer people_writer_person_id_key; Type: CONSTRAINT; Schema: public; Owner: postgres
--

ALTER TABLE ONLY public.people_writer
    ADD CONSTRAINT people_writer_person_id_key UNIQUE (person_id);


--
-- Name: people_writer people_writer_pkey; Type: CONSTRAINT; Schema: public; Owner: postgres
--

ALTER TABLE ONLY public.people_writer
    ADD CONSTRAINT people_writer_pkey PRIMARY KEY (id);


--
-- Name: tools_analyticsvisitordata tools_analyticsvisitordata_pkey; Type: CONSTRAINT; Schema: public; Owner: postgres
--

ALTER TABLE ONLY public.tools_analyticsvisitordata
    ADD CONSTRAINT tools_analyticsvisitordata_pkey PRIMARY KEY (id);


--
-- Name: auth_group_name_a6ea08ec_like; Type: INDEX; Schema: public; Owner: postgres
--

CREATE INDEX auth_group_name_a6ea08ec_like ON public.auth_group USING btree (name varchar_pattern_ops);


--
-- Name: auth_group_permissions_group_id_b120cbf9; Type: INDEX; Schema: public; Owner: postgres
--

CREATE INDEX auth_group_permissions_group_id_b120cbf9 ON public.auth_group_permissions USING btree (group_id);


--
-- Name: auth_group_permissions_permission_id_84c5c92e; Type: INDEX; Schema: public; Owner: postgres
--

CREATE INDEX auth_group_permissions_permission_id_84c5c92e ON public.auth_group_permissions USING btree (permission_id);


--
-- Name: auth_permission_content_type_id_2f476e4b; Type: INDEX; Schema: public; Owner: postgres
--

CREATE INDEX auth_permission_content_type_id_2f476e4b ON public.auth_permission USING btree (content_type_id);


--
-- Name: auth_user_groups_group_id_97559544; Type: INDEX; Schema: public; Owner: postgres
--

CREATE INDEX auth_user_groups_group_id_97559544 ON public.auth_user_groups USING btree (group_id);


--
-- Name: auth_user_groups_user_id_6a12ed8b; Type: INDEX; Schema: public; Owner: postgres
--

CREATE INDEX auth_user_groups_user_id_6a12ed8b ON public.auth_user_groups USING btree (user_id);


--
-- Name: auth_user_user_permissions_permission_id_1fbb5f2c; Type: INDEX; Schema: public; Owner: postgres
--

CREATE INDEX auth_user_user_permissions_permission_id_1fbb5f2c ON public.auth_user_user_permissions USING btree (permission_id);


--
-- Name: auth_user_user_permissions_user_id_a95ead1b; Type: INDEX; Schema: public; Owner: postgres
--

CREATE INDEX auth_user_user_permissions_user_id_a95ead1b ON public.auth_user_user_permissions USING btree (user_id);


--
-- Name: auth_user_username_6821ab7c_like; Type: INDEX; Schema: public; Owner: postgres
--

CREATE INDEX auth_user_username_6821ab7c_like ON public.auth_user USING btree (username varchar_pattern_ops);


--
-- Name: config_category_created_by_id_c542c717; Type: INDEX; Schema: public; Owner: postgres
--

CREATE INDEX config_category_created_by_id_c542c717 ON public.config_category USING btree (created_by_id);


--
-- Name: config_category_name_fb8c347b_like; Type: INDEX; Schema: public; Owner: postgres
--

CREATE INDEX config_category_name_fb8c347b_like ON public.config_category USING btree (name varchar_pattern_ops);


--
-- Name: config_category_updated_by_id_2ab1223d; Type: INDEX; Schema: public; Owner: postgres
--

CREATE INDEX config_category_updated_by_id_2ab1223d ON public.config_category USING btree (updated_by_id);


--
-- Name: config_option_category_id_fe215282; Type: INDEX; Schema: public; Owner: postgres
--

CREATE INDEX config_option_category_id_fe215282 ON public.config_option USING btree (category_id);


--
-- Name: config_option_created_by_id_33c8e10b; Type: INDEX; Schema: public; Owner: postgres
--

CREATE INDEX config_option_created_by_id_33c8e10b ON public.config_option USING btree (created_by_id);


--
-- Name: config_option_parent_id_5b1e96e2; Type: INDEX; Schema: public; Owner: postgres
--

CREATE INDEX config_option_parent_id_5b1e96e2 ON public.config_option USING btree (parent_id);


--
-- Name: config_option_updated_by_id_c18d2175; Type: INDEX; Schema: public; Owner: postgres
--

CREATE INDEX config_option_updated_by_id_c18d2175 ON public.config_option USING btree (updated_by_id);


--
-- Name: django_admin_log_content_type_id_c4bce8eb; Type: INDEX; Schema: public; Owner: postgres
--

CREATE INDEX django_admin_log_content_type_id_c4bce8eb ON public.django_admin_log USING btree (content_type_id);


--
-- Name: django_admin_log_user_id_c564eba6; Type: INDEX; Schema: public; Owner: postgres
--

CREATE INDEX django_admin_log_user_id_c564eba6 ON public.django_admin_log USING btree (user_id);


--
-- Name: django_session_expire_date_a5c62663; Type: INDEX; Schema: public; Owner: postgres
--

CREATE INDEX django_session_expire_date_a5c62663 ON public.django_session USING btree (expire_date);


--
-- Name: django_session_session_key_c0390e0f_like; Type: INDEX; Schema: public; Owner: postgres
--

CREATE INDEX django_session_session_key_c0390e0f_like ON public.django_session USING btree (session_key varchar_pattern_ops);


--
-- Name: django_site_domain_a2e37b91_like; Type: INDEX; Schema: public; Owner: postgres
--

CREATE INDEX django_site_domain_a2e37b91_like ON public.django_site USING btree (domain varchar_pattern_ops);


--
-- Name: microsoft_auth_xboxliveaccount_xbox_id_e4f1ceab_like; Type: INDEX; Schema: public; Owner: postgres
--

CREATE INDEX microsoft_auth_xboxliveaccount_xbox_id_e4f1ceab_like ON public.microsoft_auth_xboxliveaccount USING btree (xbox_id varchar_pattern_ops);


--
-- Name: people_customuser_groups_customuser_id_99fd5cd1; Type: INDEX; Schema: public; Owner: postgres
--

CREATE INDEX people_customuser_groups_customuser_id_99fd5cd1 ON public.people_customuser_groups USING btree (customuser_id);


--
-- Name: people_customuser_groups_group_id_1adc6231; Type: INDEX; Schema: public; Owner: postgres
--

CREATE INDEX people_customuser_groups_group_id_1adc6231 ON public.people_customuser_groups USING btree (group_id);


--
-- Name: people_customuser_user_permissions_customuser_id_04e9246e; Type: INDEX; Schema: public; Owner: postgres
--

CREATE INDEX people_customuser_user_permissions_customuser_id_04e9246e ON public.people_customuser_user_permissions USING btree (customuser_id);


--
-- Name: people_customuser_user_permissions_permission_id_883d8025; Type: INDEX; Schema: public; Owner: postgres
--

CREATE INDEX people_customuser_user_permissions_permission_id_883d8025 ON public.people_customuser_user_permissions USING btree (permission_id);


--
-- Name: people_customuser_username_53db788b_like; Type: INDEX; Schema: public; Owner: postgres
--

CREATE INDEX people_customuser_username_53db788b_like ON public.people_customuser USING btree (username varchar_pattern_ops);


--
-- Name: people_person_email_cdc75531_like; Type: INDEX; Schema: public; Owner: postgres
--

CREATE INDEX people_person_email_cdc75531_like ON public.people_person USING btree (email varchar_pattern_ops);


--
-- Name: people_relationship_person_id_37b60c82; Type: INDEX; Schema: public; Owner: postgres
--

CREATE INDEX people_relationship_person_id_37b60c82 ON public.people_relationship USING btree (person_id);


--
-- Name: people_relationship_related_person_id_8274b84c; Type: INDEX; Schema: public; Owner: postgres
--

CREATE INDEX people_relationship_related_person_id_8274b84c ON public.people_relationship USING btree (related_person_id);


--
-- Name: people_staff_employee_id_b9dca250_like; Type: INDEX; Schema: public; Owner: postgres
--

CREATE INDEX people_staff_employee_id_b9dca250_like ON public.people_staff USING btree (employee_id varchar_pattern_ops);


--
-- Name: auth_group_permissions auth_group_permissio_permission_id_84c5c92e_fk_auth_perm; Type: FK CONSTRAINT; Schema: public; Owner: postgres
--

ALTER TABLE ONLY public.auth_group_permissions
    ADD CONSTRAINT auth_group_permissio_permission_id_84c5c92e_fk_auth_perm FOREIGN KEY (permission_id) REFERENCES public.auth_permission(id) DEFERRABLE INITIALLY DEFERRED;


--
-- Name: auth_group_permissions auth_group_permissions_group_id_b120cbf9_fk_auth_group_id; Type: FK CONSTRAINT; Schema: public; Owner: postgres
--

ALTER TABLE ONLY public.auth_group_permissions
    ADD CONSTRAINT auth_group_permissions_group_id_b120cbf9_fk_auth_group_id FOREIGN KEY (group_id) REFERENCES public.auth_group(id) DEFERRABLE INITIALLY DEFERRED;


--
-- Name: auth_permission auth_permission_content_type_id_2f476e4b_fk_django_co; Type: FK CONSTRAINT; Schema: public; Owner: postgres
--

ALTER TABLE ONLY public.auth_permission
    ADD CONSTRAINT auth_permission_content_type_id_2f476e4b_fk_django_co FOREIGN KEY (content_type_id) REFERENCES public.django_content_type(id) DEFERRABLE INITIALLY DEFERRED;


--
-- Name: auth_user_groups auth_user_groups_group_id_97559544_fk_auth_group_id; Type: FK CONSTRAINT; Schema: public; Owner: postgres
--

ALTER TABLE ONLY public.auth_user_groups
    ADD CONSTRAINT auth_user_groups_group_id_97559544_fk_auth_group_id FOREIGN KEY (group_id) REFERENCES public.auth_group(id) DEFERRABLE INITIALLY DEFERRED;


--
-- Name: auth_user_groups auth_user_groups_user_id_6a12ed8b_fk_auth_user_id; Type: FK CONSTRAINT; Schema: public; Owner: postgres
--

ALTER TABLE ONLY public.auth_user_groups
    ADD CONSTRAINT auth_user_groups_user_id_6a12ed8b_fk_auth_user_id FOREIGN KEY (user_id) REFERENCES public.auth_user(id) DEFERRABLE INITIALLY DEFERRED;


--
-- Name: auth_user_user_permissions auth_user_user_permi_permission_id_1fbb5f2c_fk_auth_perm; Type: FK CONSTRAINT; Schema: public; Owner: postgres
--

ALTER TABLE ONLY public.auth_user_user_permissions
    ADD CONSTRAINT auth_user_user_permi_permission_id_1fbb5f2c_fk_auth_perm FOREIGN KEY (permission_id) REFERENCES public.auth_permission(id) DEFERRABLE INITIALLY DEFERRED;


--
-- Name: auth_user_user_permissions auth_user_user_permissions_user_id_a95ead1b_fk_auth_user_id; Type: FK CONSTRAINT; Schema: public; Owner: postgres
--

ALTER TABLE ONLY public.auth_user_user_permissions
    ADD CONSTRAINT auth_user_user_permissions_user_id_a95ead1b_fk_auth_user_id FOREIGN KEY (user_id) REFERENCES public.auth_user(id) DEFERRABLE INITIALLY DEFERRED;


--
-- Name: config_category config_category_created_by_id_c542c717_fk_auth_user_id; Type: FK CONSTRAINT; Schema: public; Owner: postgres
--

ALTER TABLE ONLY public.config_category
    ADD CONSTRAINT config_category_created_by_id_c542c717_fk_auth_user_id FOREIGN KEY (created_by_id) REFERENCES public.auth_user(id) DEFERRABLE INITIALLY DEFERRED;


--
-- Name: config_category config_category_updated_by_id_2ab1223d_fk_auth_user_id; Type: FK CONSTRAINT; Schema: public; Owner: postgres
--

ALTER TABLE ONLY public.config_category
    ADD CONSTRAINT config_category_updated_by_id_2ab1223d_fk_auth_user_id FOREIGN KEY (updated_by_id) REFERENCES public.auth_user(id) DEFERRABLE INITIALLY DEFERRED;


--
-- Name: config_option config_option_category_id_fe215282_fk_config_category_id; Type: FK CONSTRAINT; Schema: public; Owner: postgres
--

ALTER TABLE ONLY public.config_option
    ADD CONSTRAINT config_option_category_id_fe215282_fk_config_category_id FOREIGN KEY (category_id) REFERENCES public.config_category(id) DEFERRABLE INITIALLY DEFERRED;


--
-- Name: config_option config_option_created_by_id_33c8e10b_fk_auth_user_id; Type: FK CONSTRAINT; Schema: public; Owner: postgres
--

ALTER TABLE ONLY public.config_option
    ADD CONSTRAINT config_option_created_by_id_33c8e10b_fk_auth_user_id FOREIGN KEY (created_by_id) REFERENCES public.auth_user(id) DEFERRABLE INITIALLY DEFERRED;


--
-- Name: config_option config_option_parent_id_5b1e96e2_fk_config_option_id; Type: FK CONSTRAINT; Schema: public; Owner: postgres
--

ALTER TABLE ONLY public.config_option
    ADD CONSTRAINT config_option_parent_id_5b1e96e2_fk_config_option_id FOREIGN KEY (parent_id) REFERENCES public.config_option(id) DEFERRABLE INITIALLY DEFERRED;


--
-- Name: config_option config_option_updated_by_id_c18d2175_fk_auth_user_id; Type: FK CONSTRAINT; Schema: public; Owner: postgres
--

ALTER TABLE ONLY public.config_option
    ADD CONSTRAINT config_option_updated_by_id_c18d2175_fk_auth_user_id FOREIGN KEY (updated_by_id) REFERENCES public.auth_user(id) DEFERRABLE INITIALLY DEFERRED;


--
-- Name: django_admin_log django_admin_log_content_type_id_c4bce8eb_fk_django_co; Type: FK CONSTRAINT; Schema: public; Owner: postgres
--

ALTER TABLE ONLY public.django_admin_log
    ADD CONSTRAINT django_admin_log_content_type_id_c4bce8eb_fk_django_co FOREIGN KEY (content_type_id) REFERENCES public.django_content_type(id) DEFERRABLE INITIALLY DEFERRED;


--
-- Name: django_admin_log django_admin_log_user_id_c564eba6_fk_auth_user_id; Type: FK CONSTRAINT; Schema: public; Owner: postgres
--

ALTER TABLE ONLY public.django_admin_log
    ADD CONSTRAINT django_admin_log_user_id_c564eba6_fk_auth_user_id FOREIGN KEY (user_id) REFERENCES public.auth_user(id) DEFERRABLE INITIALLY DEFERRED;


--
-- Name: microsoft_auth_microsoftaccount microsoft_auth_micro_user_id_4377262f_fk_auth_user; Type: FK CONSTRAINT; Schema: public; Owner: postgres
--

ALTER TABLE ONLY public.microsoft_auth_microsoftaccount
    ADD CONSTRAINT microsoft_auth_micro_user_id_4377262f_fk_auth_user FOREIGN KEY (user_id) REFERENCES public.auth_user(id) DEFERRABLE INITIALLY DEFERRED;


--
-- Name: microsoft_auth_xboxliveaccount microsoft_auth_xboxliveaccount_user_id_5581861b_fk_auth_user_id; Type: FK CONSTRAINT; Schema: public; Owner: postgres
--

ALTER TABLE ONLY public.microsoft_auth_xboxliveaccount
    ADD CONSTRAINT microsoft_auth_xboxliveaccount_user_id_5581861b_fk_auth_user_id FOREIGN KEY (user_id) REFERENCES public.auth_user(id) DEFERRABLE INITIALLY DEFERRED;


--
-- Name: people_customuser_groups people_customuser_gr_customuser_id_99fd5cd1_fk_people_cu; Type: FK CONSTRAINT; Schema: public; Owner: postgres
--

ALTER TABLE ONLY public.people_customuser_groups
    ADD CONSTRAINT people_customuser_gr_customuser_id_99fd5cd1_fk_people_cu FOREIGN KEY (customuser_id) REFERENCES public.people_customuser(id) DEFERRABLE INITIALLY DEFERRED;


--
-- Name: people_customuser_groups people_customuser_groups_group_id_1adc6231_fk_auth_group_id; Type: FK CONSTRAINT; Schema: public; Owner: postgres
--

ALTER TABLE ONLY public.people_customuser_groups
    ADD CONSTRAINT people_customuser_groups_group_id_1adc6231_fk_auth_group_id FOREIGN KEY (group_id) REFERENCES public.auth_group(id) DEFERRABLE INITIALLY DEFERRED;


--
-- Name: people_customuser_user_permissions people_customuser_us_customuser_id_04e9246e_fk_people_cu; Type: FK CONSTRAINT; Schema: public; Owner: postgres
--

ALTER TABLE ONLY public.people_customuser_user_permissions
    ADD CONSTRAINT people_customuser_us_customuser_id_04e9246e_fk_people_cu FOREIGN KEY (customuser_id) REFERENCES public.people_customuser(id) DEFERRABLE INITIALLY DEFERRED;


--
-- Name: people_customuser_user_permissions people_customuser_us_permission_id_883d8025_fk_auth_perm; Type: FK CONSTRAINT; Schema: public; Owner: postgres
--

ALTER TABLE ONLY public.people_customuser_user_permissions
    ADD CONSTRAINT people_customuser_us_permission_id_883d8025_fk_auth_perm FOREIGN KEY (permission_id) REFERENCES public.auth_permission(id) DEFERRABLE INITIALLY DEFERRED;


--
-- Name: people_person people_person_user_id_6381a4ab_fk_people_customuser_id; Type: FK CONSTRAINT; Schema: public; Owner: postgres
--

ALTER TABLE ONLY public.people_person
    ADD CONSTRAINT people_person_user_id_6381a4ab_fk_people_customuser_id FOREIGN KEY (user_id) REFERENCES public.people_customuser(id) DEFERRABLE INITIALLY DEFERRED;


--
-- Name: people_relationship people_relationship_person_id_37b60c82_fk_people_person_id; Type: FK CONSTRAINT; Schema: public; Owner: postgres
--

ALTER TABLE ONLY public.people_relationship
    ADD CONSTRAINT people_relationship_person_id_37b60c82_fk_people_person_id FOREIGN KEY (person_id) REFERENCES public.people_person(id) DEFERRABLE INITIALLY DEFERRED;


--
-- Name: people_relationship people_relationship_related_person_id_8274b84c_fk_people_pe; Type: FK CONSTRAINT; Schema: public; Owner: postgres
--

ALTER TABLE ONLY public.people_relationship
    ADD CONSTRAINT people_relationship_related_person_id_8274b84c_fk_people_pe FOREIGN KEY (related_person_id) REFERENCES public.people_person(id) DEFERRABLE INITIALLY DEFERRED;


--
-- Name: people_speaker people_speaker_person_id_c32389ba_fk_people_person_id; Type: FK CONSTRAINT; Schema: public; Owner: postgres
--

ALTER TABLE ONLY public.people_speaker
    ADD CONSTRAINT people_speaker_person_id_c32389ba_fk_people_person_id FOREIGN KEY (person_id) REFERENCES public.people_person(id) DEFERRABLE INITIALLY DEFERRED;


--
-- Name: people_staff people_staff_person_id_b7069ffe_fk_people_person_id; Type: FK CONSTRAINT; Schema: public; Owner: postgres
--

ALTER TABLE ONLY public.people_staff
    ADD CONSTRAINT people_staff_person_id_b7069ffe_fk_people_person_id FOREIGN KEY (person_id) REFERENCES public.people_person(id) DEFERRABLE INITIALLY DEFERRED;


--
-- Name: people_writer people_writer_person_id_14f020dd_fk_people_person_id; Type: FK CONSTRAINT; Schema: public; Owner: postgres
--

ALTER TABLE ONLY public.people_writer
    ADD CONSTRAINT people_writer_person_id_14f020dd_fk_people_person_id FOREIGN KEY (person_id) REFERENCES public.people_person(id) DEFERRABLE INITIALLY DEFERRED;


--
-- PostgreSQL database dump complete
--

